id,PlayerName,DraftAge,Country,country_group,Height,Weight,Position,DraftYear,Overall,CSS_rank,rs_GP,rs_G,rs_A,rs_P,rs_PIM,rs_PlusMinus,po_GP,po_G,po_A,po_P,po_PIM,po_PlusMinus,sum_7yr_GP,sum_7yr_TOI,GP_greater_than_0
1256,"John Wikner",18,Sweden,EURO,74,192,L,2004,284,NULL,31,6,3,9,22,0,9,0,0,0,6,0,0,0,no
1288,"Patrik Hersley",19,Sweden,EURO,75,212,D,2005,139,NULL,47,9,16,25,116,1,3,2,1,3,6,0,0,0,no
1299,"Christofer Lofberg",19,Sweden,EURO,75,205,C,2005,80,NULL,31,21,13,34,49,-1,0,0,0,0,0,0,0,0,no
1715,"Fredrik Pettersson",18,Sweden,EURO,70,179,R,2005,157,NULL,53,16,19,35,66,-1,12,9,8,17,26,0,0,0,no
2277,"Nils Backstrom",18,Sweden,EURO,72,201,D,2004,290,NULL,12,1,6,7,26,-10,0,0,0,0,0,0,0,0,no
2627,"Kirill Starkov",18,Denmark,EURO,72,209,C,2005,189,NULL,31,18,12,30,10,0,9,4,3,7,2,0,0,0,no
3707,"Emil Sandin",20,Sweden,EURO,70,185,L,2008,199,NULL,47,10,29,39,50,0,7,1,4,5,8,0,0,0,no
3778,"Dick Axelsson",19,Sweden,EURO,74,198,L,2006,62,NULL,51,36,17,53,167,27,0,0,0,0,0,0,0,0,no
3841,"Anton Hedman",18,Sweden,EURO,75,214,L,2004,255,NULL,14,5,5,10,14,0,0,0,0,0,0,0,0,0,no
3900,"Per Johnsson",18,Sweden,EURO,73,181,D,2006,209,NULL,14,3,1,4,38,0,8,1,1,2,22,0,0,0,no
4120,"Johan Ryno",19,Sweden,EURO,77,216,C,2005,137,NULL,35,21,18,39,14,19,0,0,0,0,0,0,0,0,no
4224,"Janne Kolehmainen",19,Finland,EURO,75,218,L,2005,115,NULL,48,4,5,9,34,-8,0,0,0,0,0,0,0,0,no
4283,"Marko Anttila",19,Finland,EURO,80,229,R,2004,260,NULL,34,30,30,60,56,0,0,0,0,0,0,0,0,0,no
4613,"Jesper Samuelsson",20,Sweden,EURO,72,179,C,2008,211,NULL,40,20,42,62,73,0,0,0,0,0,0,0,0,0,no
5507,"Alexander Deilert",19,Sweden,EURO,72,181,D,2008,198,NULL,46,6,12,18,72,0,7,1,2,3,14,0,0,0,no
6251,"Mats Frshaug",20,Norway,EURO,74,214,C,2008,161,NULL,65,23,27,50,65,-2,5,3,4,7,2,0,0,0,no
6870,"Stefan Warg",18,Sweden,EURO,75,220,D,2008,143,NULL,34,2,6,8,74,0,3,0,0,0,14,0,0,0,no
6912,"William Quist",18,Sweden,EURO,77,203,L,2007,157,NULL,45,16,25,41,90,0,0,0,0,0,0,0,0,0,no
7537,"Tommi Leinonen",18,Finland,EURO,74,201,D,2005,125,NULL,43,9,11,20,20,-1,1,0,0,0,0,0,0,0,no
8640,"Marek Kvapil",20,"Czech Rep.",EURO,71,192,L,2005,163,NULL,75,35,47,82,22,8,0,0,0,0,0,0,0,0,no
9247,"Stanislav Lascek",19,Slovakia,EURO,73,194,R,2005,133,NULL,59,19,73,92,46,1,17,4,18,22,26,-5,0,0,no
9263,"Nikolai Lemtyugov",19,Russia,EURO,72,212,R,2005,219,NULL,11,1,1,2,16,1,0,0,0,0,0,0,0,0,no
9298,"Kirill Tulupov",18,Russia,EURO,75,227,D,2006,67,NULL,14,1,3,4,22,7,3,0,2,2,8,-1,0,0,no
9347,"Justin Azevedo",20,Canada,CAN,67,174,C,2008,153,NULL,67,43,81,124,69,24,20,10,26,36,33,10,0,0,no
9417,"Dusty Collins",19,USA,USA,75,212,C,2004,163,NULL,36,1,6,7,30,-2,0,0,0,0,0,0,0,0,no
9475,"Dany Roussin",20,Canada,CAN,74,201,L,2005,50,NULL,69,54,62,116,66,61,13,11,9,20,8,10,0,0,no
9592,"Alexander Bumagin",19,Russia,EURO,72,190,L,2006,170,NULL,40,9,12,21,28,-1,8,0,3,3,4,-3,0,0,no
9661,"Ondrej Otcenas",18,Slovakia,EURO,73,201,C,2005,123,NULL,6,4,1,5,10,2,0,0,0,0,0,0,0,0,no
9665,"Roman Kukumberg",24,Slovakia,EURO,73,198,C,2004,113,NULL,60,16,20,36,95,38,11,4,8,12,14,6,0,0,no
10476,"David Kuchejda",18,"Czech Rep.",EURO,70,196,R,2005,202,NULL,50,15,30,45,148,20,2,1,1,2,2,0,0,0,no
10612,"Philip Gogulla",18,Germany,EURO,74,192,L,2005,48,NULL,56,2,3,5,18,-5,9,0,2,2,29,0,0,0,no
10656,"Keith Seabrook",18,Canada,CAN,72,198,D,2006,52,NULL,57,10,24,34,81,0,0,0,0,0,0,0,0,0,no
10909,"Jay Barriball",19,USA,USA,69,170,L,2006,203,NULL,33,33,45,78,2,8,5,2,1,3,0,0,0,0,no
11052,"Mark Santorelli",19,Canada,CAN,73,187,R,2007,119,NULL,72,29,53,82,46,-5,5,2,3,5,2,-6,0,0,no
11239,"Corey Syvret",18,Canada,CAN,74,216,D,2007,181,NULL,61,5,11,16,61,-11,4,0,0,0,2,-1,0,0,no
11256,"John Seymour",18,Canada,CAN,75,176,L,2005,226,NULL,63,1,4,5,64,0,6,0,0,0,0,0,0,0,no
11439,"Nick Dodge",20,Canada,CAN,70,176,R,2006,183,NULL,38,16,25,41,72,11,0,0,0,0,0,0,0,0,no
11526,"Eric Neilson",20,Canada,CAN,74,205,R,2004,143,NULL,50,4,11,15,194,-4,9,0,0,0,28,-1,0,0,no
11533,"Stephane Goulet",18,Canada,CAN,75,207,R,2004,208,NULL,54,6,8,14,14,-14,5,0,0,0,2,0,0,0,no
11534,"Tyler Spurgeon",18,Canada,CAN,71,190,C,2004,242,NULL,49,8,16,24,24,7,17,4,5,9,9,6,0,0,no
11553,"Ryan Maki",20,USA,USA,75,212,R,2005,176,NULL,30,10,9,19,20,0,0,0,0,0,0,0,0,0,no
11586,"Riley Emmerson",19,Canada,CAN,80,249,L,2005,199,NULL,40,1,0,1,63,-4,0,0,0,0,0,0,0,0,no
11601,"Aaron Boogaard",18,Canada,CAN,75,220,R,2004,175,NULL,35,3,2,5,57,1,6,0,0,0,8,0,0,0,no
11642,"Evan Fuller",18,Canada,CAN,74,192,C,2006,197,NULL,56,2,5,7,87,-6,5,0,0,0,7,-1,0,0,no
11669,"Jordan Bendfeld",20,Canada,CAN,75,245,D,2008,193,NULL,72,6,19,25,160,8,5,0,2,2,2,-1,0,0,no
11881,"Jonathan Paiement",19,Canada,CAN,73,201,D,2004,247,NULL,68,13,52,65,140,0,7,0,2,2,10,0,0,0,no
11884,"Andrew Orpik",19,USA,USA,75,201,D,2005,227,NULL,31,8,12,20,24,0,0,0,0,0,0,0,0,0,no
11920,"Luke Beaverson",20,USA,USA,76,207,D,2004,283,NULL,57,1,6,7,141,-8,0,0,0,0,0,0,0,0,no
12039,"Brandon Elliott",20,Canada,CAN,76,227,D,2004,158,NULL,55,7,19,26,237,1,13,0,0,0,32,2,0,0,no
12131,"Kevin Cormier",18,Canada,CAN,75,236,L,2004,168,NULL,43,3,2,5,240,1,0,0,0,0,0,0,0,0,no
12183,"Jesse Martin",18,Canada,CAN,72,170,C,2006,195,NULL,40,15,29,44,122,0,0,0,0,0,0,0,0,0,no
12248,"Sergei Kukushkin",19,Belarus,EURO,75,194,L,2004,218,NULL,59,7,15,22,44,1,10,0,0,0,6,0,0,0,no
12256,"Justin Krueger",20,Germany,EURO,75,216,D,2006,213,NULL,71,7,18,25,33,3,0,0,0,0,0,0,0,0,no
12261,"Chris Frank",20,USA,USA,73,229,D,2006,188,NULL,38,2,2,4,127,-19,0,0,0,0,0,0,0,0,no
12263,"Troy Mattila",18,USA,USA,74,185,L,2006,190,NULL,54,14,22,36,13,0,4,0,1,1,2,0,0,0,no
12264,"Kevin Koopman",18,Canada,CAN,75,205,D,2006,181,NULL,46,15,25,40,73,0,15,7,6,13,10,0,0,0,no
12300,"Denis Kulyash",21,Russia,EURO,75,249,D,2004,243,NULL,19,3,1,4,40,0,0,0,0,0,0,0,0,0,no
12426,"Myles Stoesz",18,Canada,CAN,74,214,L,2005,207,NULL,67,1,8,9,238,1,0,0,0,0,0,0,0,0,no
12487,"Jon Gleed",20,Canada,CAN,74,212,D,2004,212,NULL,28,3,3,6,18,0,0,0,0,0,0,0,0,0,no
12515,"Will Weber",19,USA,USA,76,227,D,2007,53,NULL,25,18,20,38,104,0,0,0,0,0,0,0,0,0,no
12519,"Garrett Klotz",19,Canada,CAN,77,234,L,2007,66,NULL,63,2,2,4,107,-6,0,0,0,0,0,0,0,0,no
12526,"Phil Desimone",20,USA,USA,72,194,C,2007,84,NULL,60,26,47,73,60,13,7,6,6,12,2,4,0,0,no
12528,"Corbin Mcpherson",19,USA,USA,76,209,D,2007,87,NULL,44,4,10,14,63,0,0,0,0,0,0,0,0,0,no
12538,"Brett Bruneteau",18,USA,USA,71,194,C,2007,108,NULL,55,12,28,40,55,10,5,0,1,1,6,-1,0,0,no
12587,"Trevor Nill",18,USA,USA,75,194,C,2007,190,NULL,24,6,10,16,23,0,0,0,0,0,0,0,0,0,no
12653,"Julian Walker",20,Switzerlan,EURO,74,207,C,2006,162,NULL,45,4,2,6,47,-1,5,1,0,1,6,0,0,0,no
13603,"Dan Gendur",20,Canada,CAN,71,205,R,2007,206,NULL,61,22,27,49,62,20,12,4,4,8,8,-4,0,0,no
13632,"Richard Greenop",18,Canada,CAN,76,231,C,2007,156,NULL,48,3,9,12,149,-7,0,0,0,0,0,0,0,0,no
13633,"Robert Dietrich",21,Germany,EURO,70,172,D,2007,174,NULL,58,5,21,26,30,6,9,2,4,6,22,3,0,0,no
13643,"Viktor Dovgan",18,Russia,EURO,74,201,D,2005,209,NULL,0,0,0,0,0,0,0,0,0,0,0,0,0,0,no
13929,"Ryan Molle",18,Canada,CAN,74,207,D,2007,207,NULL,61,1,4,5,52,-15,6,1,0,1,8,0,0,0,no
13965,"Ilya Kablukov",19,Russia,EURO,74,194,C,2007,146,NULL,66,10,25,35,38,-2,2,0,0,0,0,0,0,0,no
14011,"Justin Taylor",18,Canada,CAN,71,181,C,2007,180,NULL,68,26,44,70,54,4,16,4,6,10,17,7,0,0,no
14326,"Dylan Hunter",19,Canada,CAN,71,196,L,2004,273,NULL,64,26,53,79,47,35,15,4,10,14,10,-2,0,0,no
14385,"Trent Vogelhuber",19,USA,USA,74,185,R,2007,211,NULL,31,10,16,26,24,0,0,0,0,0,0,0,0,0,no
14396,"Scott Kishel",18,USA,USA,71,190,D,2007,192,NULL,0,14,34,48,0,0,0,0,0,0,0,0,0,0,no
14398,"Chris Hickey",18,USA,USA,73,185,C,2006,192,NULL,0,0,0,0,0,0,0,0,0,0,0,0,0,0,no
14460,"J.D. Corbin",19,USA,USA,70,185,L,2004,249,NULL,39,3,6,9,18,0,0,0,0,0,0,0,0,0,no
14504,"Colin Long",19,USA,USA,71,190,C,2008,99,NULL,72,31,69,100,41,22,7,2,10,12,6,-1,0,0,no
14607,"Brett Morrison",20,Canada,CAN,70,179,C,2007,151,NULL,64,35,55,90,76,12,7,8,8,16,10,0,0,0,no
14837,"Steve Covington",18,Canada,CAN,72,187,R,2004,226,NULL,72,6,13,19,28,0,7,2,0,2,4,-3,0,0,no
14856,"Nathan Perkovich",19,Croatia,EURO,77,216,R,2004,250,NULL,35,1,7,8,23,-7,4,1,0,1,0,-2,0,0,no
14863,"Matthew Ford",20,USA,USA,73,207,R,2004,256,NULL,60,37,31,68,60,-4,0,0,0,0,0,0,0,0,no
14867,"Garrett Roe",20,USA,USA,68,181,C,2008,183,NULL,39,18,27,45,55,-8,0,0,0,0,0,0,0,0,no
14873,"Joe Charlebois",19,USA,USA,73,209,D,2005,188,NULL,59,1,24,25,146,22,7,1,1,2,6,5,0,0,no
15031,"Bryan Rufenach",18,Canada,CAN,71,185,D,2007,208,NULL,31,11,21,32,28,0,0,0,0,0,0,0,0,0,no
15035,"Ryan Watson",19,Canada,CAN,73,194,L,2007,191,NULL,37,27,29,56,55,0,9,2,7,9,18,0,0,0,no
15045,"Matt Butcher",18,USA,USA,74,205,C,2005,138,NULL,60,27,30,57,94,0,0,0,0,0,0,0,0,0,no
15046,"Spencer Dillon",19,USA,USA,75,205,D,2004,267,NULL,42,0,7,7,160,0,0,0,0,0,0,0,0,0,no
15048,"Matt Siddall",20,Canada,CAN,73,205,R,2004,270,NULL,45,25,36,61,216,0,7,4,2,6,10,0,0,0,no
15050,"Matt Clackson",20,Canada,CAN,72,190,R,2005,215,NULL,56,10,15,25,270,0,8,0,2,2,26,1,0,0,no
15316,"Brennan Turner",19,Canada,CAN,75,220,D,2005,134,NULL,41,5,12,17,207,0,0,0,0,0,0,0,0,0,no
15540,"Trevor Hendrikx",20,Canada,CAN,74,205,D,2005,201,NULL,68,15,33,48,100,-6,14,5,7,12,14,1,0,0,no
15590,"Prab Rai",19,Canada,CAN,71,190,R,2008,131,NULL,72,20,45,65,21,31,11,2,4,6,4,4,0,0,no
15595,"Luciano Aquino",20,Canada,CAN,69,198,C,2005,210,NULL,65,25,46,71,80,10,6,5,4,9,9,1,0,0,no
15679,"Dmitri Megalinsky",20,Russia,EURO,75,251,D,2005,186,NULL,37,6,13,19,88,4,0,0,0,0,0,0,0,0,no
17014,"Eero Elo",18,Finland,EURO,76,203,L,2008,145,NULL,52,16,21,37,48,3,0,0,0,0,0,0,0,0,no
17494,"Ryan Hegarty",18,USA,USA,72,207,D,2008,113,NULL,62,7,19,26,64,12,0,0,0,0,0,0,0,0,no
17496,"Sean Lorenz",18,USA,USA,73,207,D,2008,115,NULL,64,4,5,9,24,9,0,0,0,0,0,0,0,0,no
17498,"Nick Pryor",18,USA,USA,72,185,D,2008,208,NULL,60,3,11,14,12,-2,0,0,0,0,0,0,0,0,no
17767,"P.J. Fenton",20,USA,USA,71,185,L,2005,162,NULL,38,13,12,25,28,0,0,0,0,0,0,0,0,0,no
18005,"Scott Todd",19,Canada,CAN,76,214,D,2005,213,NULL,54,0,3,3,155,-6,10,0,2,2,25,-1,0,0,no
18007,"Josh Meyers",20,USA,USA,75,190,D,2005,206,NULL,57,8,24,32,92,16,13,1,9,10,18,2,0,0,no
18008,"Tony Lucia",18,USA,USA,72,174,L,2005,193,NULL,11,1,0,1,0,2,0,0,0,0,0,0,0,0,no
18009,"William Colbert",20,Canada,CAN,74,205,D,2005,183,NULL,68,6,26,32,65,22,21,3,8,11,8,-1,0,0,no
18010,"Roman Derlyuk",19,Russia,EURO,75,198,D,2005,164,NULL,51,0,3,3,74,-11,0,0,0,0,0,0,0,0,no
18016,"Matt Mcknight",20,Canada,CAN,73,196,C,2004,280,NULL,42,20,36,56,31,0,0,0,0,0,0,0,0,0,no
18017,"Jonathan Boutin",20,Canada,CAN,73,194,R,2004,277,NULL,70,31,29,60,76,18,11,2,2,4,19,2,0,0,no
18018,"Martin Vagner",20,"Czech Rep.",EURO,74,212,D,2004,268,NULL,45,6,12,18,99,28,13,0,3,3,16,8,0,0,no
18022,"Jonas Fiedler",20,"Czech Rep.",EURO,74,198,L,2004,235,NULL,63,18,28,46,83,0,9,1,6,7,16,-1,0,0,no
18023,"Matt Greer",19,USA,USA,74,201,L,2004,233,NULL,27,25,19,44,0,0,0,0,0,0,0,0,0,0,no
18024,"Maxim Semyonov",20,Kazakhstan,EURO,72,181,D,2004,220,NULL,63,2,6,8,79,9,6,0,0,0,0,1,0,0,no
18025,"Mike Curry",20,USA,USA,75,198,R,2004,205,NULL,60,20,20,40,119,4,7,2,5,7,16,3,0,0,no
18026,"Matt Schneider",19,Canada,CAN,79,212,C,2004,200,NULL,69,11,12,23,53,2,11,3,2,5,4,0,0,0,no
18247,"Brett Hextall",20,USA,USA,70,185,C,2008,159,NULL,54,24,48,72,52,0,0,0,0,0,0,0,0,0,no
18748,"Austin Smith",19,USA,USA,71,181,R,2007,128,NULL,0,0,0,0,0,0,0,0,0,0,0,0,0,0,no
18875,"Nicholas Tremblay",20,Canada,CAN,72,190,C,2008,173,NULL,57,51,59,110,67,0,0,0,0,0,0,0,0,0,no
19070,"Kyle Decoste",18,Canada,CAN,73,176,R,2008,147,NULL,66,10,12,22,48,-9,5,0,0,0,2,0,0,0,no
19151,"Tim Billingsley",18,Canada,CAN,74,201,D,2008,189,NULL,68,5,22,27,95,-8,2,0,0,0,2,-2,0,0,no
19224,"Kory Nagy",19,Canada,CAN,70,194,C,2008,142,NULL,57,5,12,17,47,-2,15,6,3,9,4,4,0,0,no
19228,"Mitch Gaulton",18,Canada,CAN,72,185,D,2008,171,NULL,20,2,5,7,19,-10,0,0,0,0,0,0,0,0,no
19229,"Braden Birch",19,Canada,CAN,72,190,D,2008,179,NULL,32,1,6,7,21,0,19,0,2,2,4,0,0,0,no
19231,"Ryley Grantham",20,Canada,CAN,75,207,C,2008,168,NULL,66,10,9,19,163,-6,6,0,0,0,8,-4,0,0,no
19232,"Jeff Foss",20,USA,USA,74,201,D,2008,166,NULL,38,1,3,4,28,-5,0,0,0,0,0,0,0,0,no
19233,"Nick Crawford",18,Canada,CAN,73,187,D,2008,164,NULL,68,4,16,20,58,-1,4,1,1,2,2,-1,0,0,no
19237,"Patrick Johnson",19,USA,USA,69,159,C,2008,206,NULL,40,8,13,21,36,9,0,0,0,0,0,0,0,0,no
19238,"Mike Bergin",20,Canada,CAN,75,209,D,2008,209,NULL,45,14,27,41,60,0,15,2,5,7,19,0,0,0,no
19239,"Nicholas D'Agostino",18,Canada,CAN,74,203,D,2008,210,NULL,46,5,18,23,22,0,10,0,3,3,8,0,0,0,no
19378,"Derek Reinhart",18,Canada,CAN,74,209,D,2005,177,NULL,67,2,9,11,198,-22,0,0,0,0,0,0,0,0,no
8468309,"Mark Streit",27,CHE,EURO,71,191,D,2004,262,NULL,55,13,25,38,80,0,13,5,2,7,14,0,361,7155,yes
8470283,"Tim Brent",20,CAN,CAN,72,188,C,2004,75,NULL,59,27,43,70,109,16,18,4,13,17,24,1,98,1059,yes
8470329,"Chris Campoli",20,CAN,CAN,72,200,D,2004,227,NULL,67,20,46,66,66,-3,8,0,6,6,16,-3,397,7273,yes
8470659,"Masi Marjamaki",20,FIN,EURO,74,184,L,2005,144,NULL,57,14,32,46,61,-6,5,1,2,3,5,0,1,5,yes
8470899,"Triston Grant",20,CAN,CAN,73,211,L,2004,286,NULL,69,10,8,18,267,-15,11,1,1,2,33,0,11,58,yes
8471283,"Brandon Prust",20,CAN,CAN,72,195,L,2004,70,NULL,64,19,33,52,269,23,15,7,13,20,33,20,197,1984,yes
8471303,"Alexander Edler",18,SWE,EURO,75,214,D,2004,91,NULL,30,3,9,12,26,0,0,0,0,0,0,0,304,6499,yes
8471309,"Johan Franzen",25,SWE,EURO,76,232,R,2004,97,NULL,49,12,18,30,26,0,5,0,1,1,8,0,395,6462,yes
8471323,"Ryan Jones",20,CAN,CAN,73,208,L,2004,111,NULL,46,39,30,69,64,0,17,17,9,26,25,0,176,2168,yes
8471346,"Kris Versteeg",18,CAN,CAN,71,176,R,2004,134,NULL,75,16,35,51,89,-5,0,0,0,0,0,0,250,4194,yes
8471359,"Janne Niskala",23,SWE,EURO,72,187,D,2004,147,NULL,55,21,15,36,73,0,4,0,0,0,16,0,6,82,yes
8471360,"Steve Regier",20,CAN,CAN,76,194,L,2004,148,NULL,76,25,35,60,115,14,22,5,11,16,24,0,26,211,yes
8471362,"Mikhail Grabovski",20,DEU,EURO,71,186,C,2004,150,NULL,55,12,17,29,34,0,5,0,0,0,4,0,245,4131,yes
8471365,"Steven Zalewski",18,USA,USA,72,195,C,2004,153,NULL,40,32,34,66,22,0,0,0,0,0,0,0,3,25,yes
8471385,"Adam Pardy",20,CAN,CAN,76,227,D,2004,173,NULL,68,4,12,16,137,16,5,0,1,1,8,0,147,2243,yes
8471413,"Mike Vernace",18,CAN,CAN,72,216,D,2004,201,NULL,35,4,13,17,16,-1,11,2,3,5,8,-4,22,323,yes
8471419,"Mark Mancari",19,CAN,CAN,76,208,R,2004,207,NULL,67,29,36,65,56,11,7,5,3,8,11,0,36,442,yes
8471428,"Pierre-Luc Letourneau-Leblond",19,CAN,CAN,73,218,R,2004,216,NULL,62,2,3,5,198,-9,4,0,0,0,6,0,37,195,yes
8471451,"Aaron Gagnon",18,CAN,CAN,71,186,C,2004,240,NULL,70,21,18,39,39,18,0,0,0,0,0,0,21,171,yes
8471452,"Mike Card",18,CAN,CAN,73,201,D,2004,241,NULL,76,7,13,20,49,1,21,3,5,8,22,0,4,18,yes
8471457,"Gregory Stewart",18,CAN,CAN,74,202,L,2004,246,NULL,58,4,6,10,76,0,0,0,0,0,0,0,26,204,yes
8471474,"Travis Morin",20,USA,USA,73,200,C,2004,263,NULL,38,9,12,21,14,0,0,0,0,0,0,0,3,27,yes
8471477,"Jakub Petruzalek",19,CZE,EURO,70,176,C,2004,266,NULL,61,38,51,89,112,0,2,0,0,0,2,0,2,16,yes
8471480,"Janne Pesonen",22,FIN,EURO,71,180,L,2004,269,NULL,56,17,13,30,28,0,15,1,1,2,4,0,7,52,yes
8471482,"Grant Clitsome",19,CAN,CAN,71,211,D,2004,271,NULL,55,13,26,39,67,0,17,1,10,11,6,0,42,821,yes
8471490,"Adam Cracknell",19,CAN,CAN,75,220,R,2004,279,NULL,72,26,35,61,63,-2,4,1,1,2,2,0,24,214,yes
8471769,"Niklas Hjalmarsson",18,SWE,EURO,75,197,D,2005,108,NULL,48,4,13,17,91,0,0,0,0,0,0,0,260,4874,yes
8471794,"Darren Helm",18,CAN,CAN,72,196,C,2005,132,NULL,72,10,14,24,27,6,13,2,6,8,10,0,248,3411,yes
8471803,"Brian Salcido",20,USA,USA,74,188,D,2005,141,NULL,38,7,23,30,52,0,0,0,0,0,0,0,2,25,yes
8471807,"Tom Wandell",18,SWE,EURO,73,200,C,2005,146,NULL,5,1,2,3,4,0,0,0,0,0,0,0,211,2431,yes
8471856,"Joe Vitale",20,USA,USA,71,205,C,2005,195,NULL,53,11,20,31,62,-4,0,0,0,0,0,0,77,854,yes
8471859,"Sergei Kostitsyn",18,BLR,EURO,72,196,L,2005,200,NULL,40,4,10,14,24,0,4,2,0,2,12,0,307,4606,yes
8471863,"Mario Bliznak",18,SVK,EURO,72,185,C,2005,205,NULL,69,27,25,52,97,0,0,0,0,0,0,0,6,43,yes
8471873,"Anton Stralman",19,SWE,EURO,71,190,D,2005,216,NULL,50,10,11,21,40,0,0,0,0,0,0,0,265,4638,yes
8471879,"Kyle Cumiskey",19,CAN,CAN,71,180,D,2005,222,NULL,72,4,36,40,47,4,27,0,14,14,14,0,132,2193,yes
8471887,"Patric Hornqvist",18,SWE,EURO,71,189,R,2005,230,NULL,33,15,12,27,38,0,0,0,0,0,0,0,263,3980,yes
8473459,"Arturs Kulda",18,LVA,EURO,74,215,D,2006,200,NULL,44,5,12,17,0,0,0,0,0,0,0,0,15,168,yes
8473484,"Kaspars Daugavins",18,LVA,EURO,72,213,L,2006,91,NULL,45,8,17,25,32,0,0,0,0,0,0,0,91,1019,yes
8473494,"Petteri Wirtanen",20,FIN,EURO,73,207,C,2006,172,NULL,55,14,5,19,30,0,13,1,0,1,12,0,3,13,yes
8473537,"Viktor Stalberg",20,SWE,EURO,75,209,L,2006,161,NULL,41,27,26,53,89,0,7,6,5,11,6,0,243,3181,yes
8473560,"Korbinian Holzer",18,DEU,EURO,75,215,D,2006,111,NULL,48,4,4,8,100,0,0,0,0,0,0,0,24,433,yes
8473562,"John McCarthy",20,USA,USA,73,195,C,2006,202,NULL,33,2,2,4,12,0,0,0,0,0,0,0,51,453,yes
8473588,"Erik Condra",20,USA,USA,71,188,R,2006,211,NULL,36,6,28,34,32,0,0,0,0,0,0,0,155,2191,yes
8473712,"Frazer McLaren",20,CAN,CAN,77,230,L,2007,203,NULL,61,19,12,31,186,-23,0,0,0,0,0,0,102,506,yes
8473989,"Luke Gazdic",18,CAN,CAN,76,225,L,2007,172,NULL,58,5,8,13,136,-24,0,0,0,0,0,0,67,389,yes
8474000,"Steven Kampfer",19,USA,USA,71,192,D,2007,93,NULL,35,1,3,4,24,0,0,0,0,0,0,0,61,1016,yes
8474038,"Paul Byron",18,CAN,CAN,69,160,L,2007,179,NULL,68,21,23,44,46,7,5,5,1,6,2,-4,81,1033,yes
8474042,"Cody Almond",18,CAN,CAN,74,199,C,2007,140,NULL,68,15,28,43,72,-14,0,0,0,0,0,0,25,212,yes
8474077,"Carson McMillan",19,CAN,CAN,73,196,R,2007,200,NULL,72,7,15,22,76,-1,18,2,0,2,17,-1,16,167,yes
8474085,"Johan Harju",21,SWE,EURO,75,210,L,2007,167,NULL,55,12,10,22,30,0,4,2,0,2,4,0,10,85,yes
8474125,"Carl Gunnarsson",21,SWE,EURO,74,197,D,2007,194,NULL,51,4,10,14,28,0,15,0,4,4,4,0,304,6150,yes
8474135,"Brett Bellemore",19,CAN,CAN,76,225,D,2007,162,NULL,50,0,12,12,50,48,20,0,5,5,28,12,72,1228,yes
8474139,"Maxime Macenauer",18,CAN,CAN,71,188,C,2007,63,NULL,14,1,3,4,10,-2,0,0,0,0,0,0,29,313,yes
8474143,"Ryan Thang",20,USA,USA,72,194,L,2007,81,NULL,42,20,21,41,22,0,0,0,0,0,0,0,1,9,yes
8474162,"Jake Muzzin",18,CAN,CAN,75,216,D,2007,141,NULL,41,1,6,7,12,0,13,0,4,4,6,0,132,2401,yes
8474166,"Alec Martinez",20,USA,USA,73,212,D,2007,95,NULL,42,9,15,24,40,0,0,0,0,0,0,0,203,3117,yes
8474176,"Carl Hagelin",19,SWE,EURO,71,186,L,2007,168,NULL,40,24,31,55,42,0,3,1,5,6,20,0,184,2909,yes
8474177,"Jon Kalinski",20,CAN,CAN,73,175,L,2007,152,NULL,37,17,10,27,74,0,0,0,0,0,0,0,22,161,yes
8474190,"Wayne Simmonds",19,CAN,CAN,74,185,R,2007,61,NULL,66,23,26,49,112,-10,4,1,1,2,4,-9,449,6721,yes
8474218,"Jason Demers",20,CAN,CAN,73,200,D,2008,186,NULL,67,9,55,64,91,-6,6,1,5,6,6,-5,361,6626,yes
8474250,"Zack Smith",20,CAN,CAN,74,208,C,2008,79,NULL,72,22,47,69,136,31,18,5,6,11,29,0,319,4418,yes
8474603,"Eric O'Dell",18,CAN,CAN,73,200,C,2008,39,NULL,67,38,54,92,39,12,0,0,0,0,0,0,41,373,yes
8474611,"Cameron Gaunce",18,CAN,CAN,73,210,D,2008,50,NULL,63,10,30,40,99,-1,4,0,1,1,6,-4,20,265,yes
8474618,"Marco Scandella",18,CAN,CAN,75,208,D,2008,55,NULL,72,5,11,16,41,-15,4,0,1,1,4,-7,229,4576,yes
8474638,"Andrew Campbell",20,CAN,CAN,76,205,D,2008,74,NULL,68,13,22,35,64,20,14,2,3,5,13,13,36,617,yes
8474659,"Matt Donovan",18,USA,USA,73,205,D,2008,96,NULL,59,12,18,30,41,19,3,0,1,1,4,0,67,1206,yes
8474668,"Dale Weise",20,CAN,CAN,74,206,R,2008,111,NULL,53,29,22,51,84,8,12,7,6,13,20,4,258,2475,yes
8474697,"Mark Borowiecki",19,CAN,CAN,73,216,D,2008,139,NULL,46,2,24,26,80,0,15,1,10,11,22,0,84,1269,yes
8474705,"Mark Olver",20,CAN,CAN,70,170,C,2008,140,NULL,39,21,17,38,59,0,0,0,0,0,0,0,74,813,yes
8474709,"Matt Martin",19,CAN,CAN,75,220,L,2008,148,NULL,66,25,13,38,155,0,9,3,3,6,16,0,358,4172,yes
8474715,"Cam Atkinson",19,USA,USA,68,182,R,2008,157,NULL,28,26,37,63,10,0,0,0,0,0,0,0,219,3532,yes
8474722,"Luke Witkowski",18,USA,USA,74,217,D,2008,160,NULL,58,3,10,13,139,-10,0,0,0,0,0,0,16,243,yes
8474730,"Jonas Holos",21,NOR,EURO,71,196,D,2008,170,NULL,40,2,20,22,67,0,6,1,0,1,2,0,39,704,yes
8474731,"Justin DiBenedetto",20,CAN,CAN,72,198,C,2008,175,NULL,58,39,54,93,61,12,9,3,7,10,12,-1,8,72,yes
8474736,"Zac Rinaldo",18,CAN,CAN,70,188,C,2008,178,NULL,63,7,7,14,191,-14,4,0,0,0,9,-3,223,1793,yes
8474739,"Tommy Wingels",20,USA,USA,72,200,C,2008,177,NULL,42,15,14,29,22,0,0,0,0,0,0,0,232,3552,yes
8474743,"Zach Redmond",20,USA,USA,74,208,D,2008,184,NULL,37,6,13,19,33,0,0,0,0,0,0,0,77,1321,yes
8474744,"Sean Collins",20,CAN,CAN,73,198,C,2008,187,NULL,60,51,64,115,34,0,7,9,4,13,10,0,19,194,yes
8474749,"Matt Bartkowski",20,USA,USA,73,196,D,2008,190,NULL,60,4,37,41,135,0,8,1,4,5,10,0,131,2267,yes
8474762,"Stefan Della Rovere",18,CAN,CAN,71,205,L,2008,204,NULL,68,13,19,32,171,-14,9,1,2,3,16,-4,7,43,yes
10626,"Alexei Cherepanov",18,Russia,EURO,73,183,R,2007,17,1,83,42,26,68,67,24,10,3,4,7,0,1,0,0,no
8471214,"Alex Ovechkin",19,RUS,EURO,75,239,L,2004,1,1,65,19,14,33,40,0,3,0,0,0,2,0,475,10470,yes
8471217,"Andrew Ladd",19,CAN,CAN,75,200,L,2004,4,1,71,30,45,75,119,39,7,1,6,7,10,0,402,5781,yes
8471675,"Sidney Crosby",18,CAN,CAN,71,200,C,2005,1,1,73,78,110,188,94,0,18,20,22,42,22,0,434,9144,yes
8471685,"Anze Kopitar",18,SVN,EURO,75,224,C,2005,11,1,52,46,31,77,48,0,13,1,1,2,2,0,475,10005,yes
8473446,"Erik Johnson",18,USA,USA,76,225,D,2006,1,1,53,20,39,59,115,0,0,0,0,0,0,0,329,6869,yes
8473563,"Nicklas Backstrom",19,SWE,EURO,73,213,C,2006,4,1,50,10,16,26,30,0,1,0,0,0,2,0,413,8212,yes
8474068,"Kyle Turris",18,CAN,CAN,73,190,C,2007,3,1,59,69,57,126,85,0,14,12,14,26,16,0,316,5009,yes
8474564,"Steven Stamkos",18,CAN,CAN,73,194,C,2008,1,1,68,59,52,111,92,19,9,11,0,11,20,0,492,9719,yes
8474566,"Nikita Filatov",18,RUS,EURO,72,190,L,2008,6,1,41,31,34,65,101,0,11,14,9,23,28,0,53,541,yes
11870,"Kirill Petrov",18,Russia,EURO,75,234,R,2008,73,2,53,15,19,34,60,4,8,1,1,2,0,3,0,0,no
8471215,"Evgeni Malkin",18,RUS,EURO,75,195,C,2004,2,2,48,9,17,26,51,0,0,0,0,0,0,0,352,7336,yes
8471216,"Cam Barker",18,CAN,CAN,75,223,D,2004,3,2,73,21,46,67,115,17,24,3,11,14,28,0,271,4646,yes
8471678,"Benoit Pouliot",19,CAN,CAN,75,204,L,2005,4,2,67,29,38,67,102,7,12,6,8,14,20,3,257,3189,yes
8471691,"Martin Hanzal",18,CZE,EURO,78,226,C,2005,17,2,59,27,27,54,92,0,8,1,2,3,8,0,352,6281,yes
8473533,"Jordan Staal",18,CAN,CAN,76,220,C,2006,2,2,68,28,40,68,69,16,23,10,7,17,22,7,479,9028,yes
8473564,"Michael Frolik",18,CZE,EURO,73,194,R,2006,10,2,51,3,9,12,32,0,6,3,9,12,6,0,349,5222,yes
8474141,"Patrick Kane",19,USA,USA,71,177,R,2007,1,2,65,67,87,154,94,44,16,10,21,31,16,2,515,9927,yes
8474150,"Mikael Backlund",18,SWE,EURO,73,199,C,2007,24,2,33,14,8,22,30,0,6,1,0,1,14,0,246,3706,yes
8474563,"Drew Doughty",19,CAN,CAN,73,195,D,2008,2,2,65,13,41,54,68,-1,10,3,6,9,14,5,524,13488,yes
9624,"Jakub Vojta",18,"Czech Rep.",EURO,73,196,D,2005,94,3,45,3,7,10,50,21,8,1,1,2,8,-4,0,0,no
8471220,"Rostislav Olesz",19,CZE,EURO,74,215,L,2004,7,3,41,4,13,17,16,0,7,2,1,3,4,0,349,5292,yes
8471221,"Alexandre Picard",19,CAN,CAN,74,206,L,2004,8,3,69,39,41,80,88,0,7,7,4,11,6,0,67,523,yes
8471676,"Bobby Ryan",18,USA,USA,74,204,R,2005,2,3,62,37,52,89,51,30,8,2,7,9,8,2,332,5903,yes
8473482,"Jiri Tlusty",18,CZE,EURO,72,205,L,2006,13,3,50,11,5,16,53,0,6,7,6,13,6,0,276,3675,yes
8473604,"Jonathan Toews",18,CAN,CAN,74,201,C,2006,3,3,42,22,17,39,22,0,0,0,0,0,0,0,408,8040,yes
8474037,"James van Riemsdyk",18,USA,USA,75,210,L,2007,2,3,65,44,47,91,91,2,0,0,0,0,0,0,324,5357,yes
8474189,"Lars Eller",18,DNK,EURO,74,207,C,2007,13,3,52,24,53,77,86,11,14,7,3,10,32,0,286,4052,yes
8474567,"Zach Bogosian",18,USA,USA,75,228,D,2008,3,3,60,11,50,61,72,8,5,0,3,3,8,-4,414,9178,yes
8474582,"Mattias Tedenby",18,SWE,EURO,69,175,R,2008,24,3,55,22,23,45,55,0,7,0,0,0,0,0,120,1375,yes
9297,"Yuri Alexandrov",18,Russia,EURO,73,190,D,2006,37,4,45,2,2,4,32,7,2,0,0,0,2,0,0,0,no
11054,"Kyle Beach",18,Canada,CAN,75,209,L,2008,11,4,60,27,33,60,222,-4,4,0,0,0,4,-6,0,0,no
18013,"Denis Istomin",18,Russia,EURO,72,194,R,2005,117,4,47,11,7,18,26,9,8,1,1,2,4,1,0,0,no
8471222,"Ladislav Smid",18,CZE,EURO,76,210,D,2004,9,4,65,6,13,19,93,0,5,2,1,3,10,0,331,6097,yes
8471231,"Kyle Chipchura",18,CAN,CAN,74,203,C,2004,18,4,71,18,35,53,146,6,6,2,4,6,12,0,163,1712,yes
8471677,"Jack Johnson",18,USA,USA,73,226,D,2005,3,4,44,12,21,33,178,0,0,0,0,0,0,0,364,8201,yes
8473544,"Derick Brassard",19,CAN,CAN,73,204,C,2006,6,4,58,44,72,116,92,19,7,5,4,9,10,-1,322,5027,yes
8474184,"Keaton Ellerby",19,CAN,CAN,77,220,D,2007,10,4,69,2,23,25,120,-2,4,1,2,3,12,0,211,2949,yes
8474195,"Maksim Mayorov",18,RUS,EURO,74,198,L,2007,94,4,34,7,5,12,6,0,4,0,0,0,2,0,22,199,yes
8474578,"Erik Karlsson",18,SWE,EURO,72,191,D,2008,15,4,48,15,26,41,70,0,13,1,1,2,14,0,397,9936,yes
6058,"Anton Gustafsson",18,Sweden,EURO,74,209,C,2008,21,5,38,16,20,36,65,0,2,1,0,1,2,0,0,0,no
8471224,"Lauri Tukonen",18,FIN,EURO,74,187,R,2004,11,5,62,19,13,32,28,0,7,0,0,0,0,0,5,36,yes
8471234,"Wojtek Wolski",18,POL,EURO,75,215,L,2004,21,5,66,29,41,70,30,4,12,5,3,8,8,-5,393,6489,yes
8471680,"Gilbert Brule",18,CAN,CAN,71,187,C,2005,6,5,70,39,48,87,169,4,6,1,3,4,8,0,296,3503,yes
8471697,"Niclas Bergfors",18,SWE,EURO,70,194,R,2005,23,5,46,19,16,35,27,0,5,0,3,3,4,0,173,2457,yes
8473491,"Tomas Kana",19,CZE,EURO,72,204,C,2006,31,5,5,4,3,7,16,0,6,0,1,1,2,0,6,52,yes
8473548,"Phil Kessel",19,USA,USA,72,202,R,2006,5,5,46,19,34,53,30,0,0,0,0,0,0,0,504,8962,yes
8473991,"Karl Alzner",19,CAN,CAN,75,219,D,2007,5,5,69,8,40,48,34,16,18,1,12,13,4,-3,345,6968,yes
8474168,"Joakim Andersson",18,SWE,EURO,74,211,C,2007,88,5,44,21,28,49,62,0,14,3,9,12,32,0,108,1390,yes
8474565,"Alex Pietrangelo",18,CAN,CAN,75,205,D,2008,4,5,60,13,40,53,94,29,6,5,4,9,4,1,386,9311,yes
5009,"Simon Hjalmarsson",18,Sweden,EURO,72,172,L,2007,39,6,73,44,44,88,111,8,14,4,9,13,8,0,0,0,no
9261,"Vyacheslav Buravchikov",18,Russia,EURO,74,203,D,2005,191,6,47,13,11,23,40,8,3,0,0,0,2,0,0,0,no
8471223,"Boris Valabik",18,SVK,EURO,79,255,D,2004,10,6,68,3,13,16,278,0,5,0,0,0,8,0,80,1183,yes
8471236,"Andrej Meszaros",19,SVK,EURO,74,223,D,2004,23,6,18,3,4,7,14,0,14,3,1,4,2,0,460,9593,yes
8471684,"Luc Bourdon",18,CAN,CAN,75,211,D,2005,10,6,76,13,20,33,121,-39,0,0,0,0,0,0,36,427,yes
8473526,"Peter Mueller",18,USA,USA,74,204,C,2006,8,6,52,26,32,58,44,4,15,7,6,13,10,4,297,4687,yes
8473573,"Artem Anisimov",18,RUS,EURO,76,198,C,2006,54,6,32,15,12,27,28,0,0,0,0,0,0,0,279,4186,yes
8474040,"Sam Gagner",18,CAN,CAN,71,200,C,2007,6,6,59,35,83,118,44,32,16,7,22,29,22,1,481,8274,yes
8474574,"Tyler Myers",18,USA,USA,80,229,D,2008,12,6,72,7,14,21,107,-9,7,1,2,3,12,-4,389,8916,yes
8474600,"Roman Josi",18,CHE,EURO,73,201,D,2008,38,6,52,5,12,17,22,0,6,0,0,0,0,0,253,6131,yes
507,"Johan Fransson",19,Sweden,EURO,74,198,D,2004,34,7,68,9,8,17,54,7,2,0,0,0,4,-1,0,0,no
4509,"Nichlas Torp",18,Sweden,EURO,71,203,D,2007,163,7,35,3,3,6,66,5,7,1,2,3,53,0,0,0,no
8471226,"Drew Stafford",19,USA,USA,74,214,R,2004,13,7,42,11,23,34,32,0,0,0,0,0,0,0,317,4689,yes
8471694,"Kenndal McArdle",18,CAN,CAN,71,190,L,2005,20,7,70,37,37,74,122,-4,5,1,0,1,16,0,42,356,yes
8471763,"Ilya Zubov",18,RUS,EURO,72,211,C,2005,98,7,41,9,8,17,36,0,0,0,0,0,0,0,11,118,yes
8473412,"Bryan Little",19,CAN,CAN,72,191,C,2006,12,7,64,42,67,109,99,26,14,8,15,23,19,7,404,7177,yes
8473605,"Alexander Vasyunov",18,RUS,EURO,73,210,L,2006,58,7,31,29,6,35,16,0,0,0,0,0,0,0,18,206,yes
8474161,"Jakub Voracek",18,CZE,EURO,74,214,R,2007,7,7,63,24,65,89,28,0,12,7,17,24,6,0,449,7146,yes
8474568,"Luke Schenn",19,CAN,CAN,74,229,D,2008,5,7,64,7,21,28,106,10,7,2,2,4,6,-3,494,9321,yes
8474588,"Viktor Tikhonov",20,LVA,EURO,74,189,R,2008,28,7,43,7,5,12,43,0,8,0,1,1,4,0,61,739,yes
10436,"Angelo Esposito",18,Canada,CAN,73,181,C,2007,20,8,66,30,55,85,63,12,5,4,3,7,2,2,0,0,no
11864,"Sergei Korostin",18,Russia,EURO,70,176,R,2007,64,8,53,38,34,72,56,2,0,0,0,0,0,0,0,0,no
12297,"Viktor Alexandrov",19,Kazakhstan,EURO,69,168,R,2004,83,8,57,5,4,9,24,-6,4,1,1,2,4,-3,0,0,no
8471245,"Dave Bolland",18,CAN,CAN,72,184,C,2004,32,8,65,37,30,67,58,0,15,3,10,13,18,0,221,3631,yes
8471692,"Ryan Parent",18,CAN,CAN,75,198,D,2005,18,8,72,2,17,19,42,5,4,0,1,1,4,-1,106,1672,yes
8471713,"Petr Kalus",18,CZE,EURO,73,201,R,2005,39,8,47,20,14,34,173,0,2,2,0,2,25,0,11,116,yes
8473485,"Chris Stewart",19,CAN,CAN,74,239,R,2006,18,8,62,37,50,87,118,19,6,2,0,2,13,-5,319,5000,yes
8473534,"Patrik Berglund",18,SWE,EURO,76,223,C,2006,25,8,48,20,13,33,42,0,0,0,0,0,0,0,358,5748,yes
8474594,"Slava Voynov",18,RUS,EURO,72,194,D,2008,32,8,38,2,3,5,20,0,2,0,0,0,0,0,190,4037,yes
8474606,"Colby Robak",18,CAN,CAN,75,194,D,2008,46,8,78,6,25,31,33,-4,6,0,2,2,8,-2,47,745,yes
9299,"Andrei Popov",18,Russia,EURO,74,214,R,2006,205,9,45,12,14,26,34,13,5,2,0,2,2,-1,0,0,no
10490,"Anton Krysanov",18,Russia,EURO,75,203,C,2005,148,9,34,7,10,17,16,-4,0,0,0,0,0,0,0,0,no
11861,"Maxim Goncharov",18,Russia,EURO,75,212,D,2007,123,9,47,2,3,5,50,-2,5,0,0,0,2,-1,0,0,no
8471228,"Alexander Radulov",18,RUS,EURO,74,205,R,2004,15,9,49,17,21,38,106,0,0,0,0,0,0,0,145,2072,yes
8471242,"Mike Green",19,CAN,CAN,73,207,D,2004,29,9,59,14,25,39,92,0,0,0,0,0,0,0,366,8244,yes
8471686,"Marc Staal",18,CAN,CAN,76,209,D,2005,12,9,65,6,20,26,53,22,12,0,4,4,15,-1,367,8028,yes
8473536,"James Sheppard",18,CAN,CAN,73,215,C,2006,9,9,66,30,54,84,78,3,9,2,5,7,12,1,256,3213,yes
8474045,"Zach Hamill",19,CAN,CAN,71,180,C,2007,8,9,69,32,61,93,90,16,12,2,8,10,16,0,20,219,yes
8474569,"Colin Wilson",19,USA,USA,73,221,C,2008,7,9,43,18,24,42,26,2,0,0,0,0,0,0,368,5607,yes
8474634,"Evgeny Grachev",18,RUS,EURO,76,225,C,2008,75,9,41,19,23,42,20,3,0,0,0,0,0,0,34,305,yes
3790,"Jonas Ahnelov",19,Sweden,EURO,74,220,D,2006,88,10,48,4,11,15,92,1,7,2,4,6,22,0,0,0,no
11865,"Dmitri Kugryshev",18,Russia,EURO,71,192,R,2008,58,10,39,28,29,57,68,5,7,5,6,11,6,0,0,0,no
8471229,"Petteri Nokelainen",18,FIN,EURO,73,201,C,2004,16,10,60,10,8,18,20,0,4,0,1,1,0,0,189,1974,yes
8471238,"Rob Schremp",18,USA,USA,71,200,C,2004,25,10,65,30,45,75,26,15,15,7,6,13,2,-2,114,1578,yes
8471682,"Devin Setoguchi",18,CAN,CAN,72,205,R,2005,8,10,75,37,33,70,40,20,4,0,1,1,0,0,336,5315,yes
8471848,"Andrey Zubarev",18,RUS,EURO,73,210,D,2005,187,10,39,3,5,8,40,0,0,0,0,0,0,0,4,80,yes
8473558,"Cory Emmerton",18,CAN,CAN,72,191,C,2006,41,10,73,27,65,92,34,37,6,2,0,2,6,-4,121,1110,yes
8474102,"David Perron",19,CAN,CAN,72,200,L,2007,26,10,70,39,44,83,75,37,21,13,18,31,22,6,418,6859,yes
8474149,"Evgeny Dadonov",18,RUS,EURO,71,184,L,2007,71,10,35,5,3,8,24,0,0,0,0,0,0,0,55,717,yes
8474570,"Cody Hodgson",18,CAN,CAN,72,191,C,2008,10,10,75,42,55,97,44,15,5,5,0,5,2,2,289,4398,yes
9587,"Vitali Anikeyenko",18,Russia,EURO,75,198,D,2005,70,11,64,4,12,16,74,0,0,0,0,0,0,0,0,0,no
11495,"Sergei Ogorodnikov",18,Russia,EURO,72,185,C,2004,82,11,27,11,3,14,18,5,0,0,0,0,0,0,0,0,no
11595,"A.J. Thelen",18,USA,USA,75,212,D,2004,12,11,41,11,18,29,50,16,0,0,0,0,0,0,0,0,no
8471681,"Jack Skille",18,USA,USA,73,216,R,2005,7,11,48,16,25,41,64,0,0,0,0,0,0,0,138,1601,yes
8473449,"Kyle Okposo",18,USA,USA,72,218,R,2006,7,11,50,27,31,58,56,28,11,5,11,16,8,12,319,5753,yes
8473592,"Vladimir Zharkov",18,RUS,EURO,73,205,R,2006,77,11,52,17,23,40,90,0,1,0,0,0,0,0,82,906,yes
8474151,"Ryan McDonagh",18,USA,USA,73,216,D,2007,12,11,33,14,29,43,4,0,0,0,0,0,0,0,246,5832,yes
8474576,"Zach Boychuk",19,CAN,CAN,70,185,L,2008,14,11,68,33,39,72,82,26,18,13,8,21,6,4,127,1347,yes
8474707,"Philip Larsen",19,DNK,EURO,73,185,D,2008,149,11,48,6,9,15,46,0,7,0,4,4,6,0,125,2084,yes
9286,"David Kveton",18,"Czech Rep.",EURO,71,185,L,2006,104,12,82,15,22,37,26,-29,6,5,1,6,18,0,0,0,no
10902,"Luca Cunti",18,Switzerlan,EURO,73,192,C,2007,75,12,68,30,23,53,60,13,10,4,7,11,10,8,0,0,no
8471232,"Lauri Korpikoski",18,FIN,EURO,73,193,L,2004,19,12,42,17,14,31,22,0,8,5,5,10,20,0,218,2840,yes
8471240,"Jeff Schultz",18,CAN,CAN,78,217,D,2004,27,12,79,11,24,35,35,28,7,1,1,2,0,0,319,6130,yes
8471696,"Matt Lashoff",19,USA,USA,74,204,D,2005,22,12,44,4,18,22,44,16,13,0,3,3,18,4,74,1114,yes
8471704,"Vladimir Mihalik",18,SVK,EURO,80,246,D,2005,30,12,55,9,11,20,68,0,6,0,1,1,2,0,15,193,yes
8473610,"Bobby Sanguinetti",18,USA,USA,75,188,D,2006,21,12,68,14,51,65,44,0,11,5,10,15,4,0,45,640,yes
8474573,"Josh Bailey",19,CAN,CAN,73,210,R,2008,9,12,67,29,67,96,32,30,5,1,5,6,2,-5,476,7637,yes
8474649,"Tomas Kundratek",19,CZE,EURO,74,201,D,2008,90,12,45,4,7,11,50,0,7,0,2,2,8,0,30,452,yes
7410,"Timo Seppanen",19,Finland,EURO,72,194,D,2006,185,13,64,11,15,26,81,18,5,0,1,1,0,-2,0,0,no
9271,"Niclas Lucenius",18,Finland,EURO,72,203,C,2007,115,13,60,25,25,50,92,0,10,2,3,5,14,-1,0,0,no
9310,"Nigel Williams",18,USA,USA,76,227,D,2006,51,13,65,6,10,16,81,2,0,0,0,0,0,0,0,0,no
9484,"Kyle Wharton",18,Canada,CAN,75,207,D,2004,59,13,50,4,10,14,58,10,7,2,3,5,4,-1,0,0,no
9623,"Tomas Pospisil",18,"Czech Rep.",EURO,72,185,R,2005,135,13,71,21,23,44,56,-7,5,4,1,5,27,3,0,0,no
12460,"Stefan Legein",19,Canada,CAN,70,170,R,2007,37,13,64,43,32,75,115,31,5,3,2,5,0,0,0,0,no
8471263,"Enver Lisin",18,RUS,EURO,74,200,R,2004,50,13,41,10,9,19,30,0,4,1,0,1,0,0,135,1792,yes
8471708,"Ryan Stoa",18,USA,USA,75,200,C,2005,34,13,44,14,27,41,38,0,0,0,0,0,0,0,37,466,yes
8474571,"Mikkel Boedker",19,DNK,EURO,72,210,L,2008,8,13,68,31,48,79,16,-1,25,11,30,41,2,11,383,5923,yes
8474662,"Johan Motin",19,SWE,EURO,74,220,D,2008,103,13,46,2,7,9,30,0,0,0,0,0,0,0,1,14,yes
3705,"Kristofer Berglund",20,Sweden,EURO,70,181,D,2008,125,14,70,4,31,35,46,11,0,0,0,0,0,0,0,0,no
4568,"Dennis Persson",18,Sweden,EURO,73,187,D,2006,24,14,74,14,29,43,54,-3,0,0,0,0,0,0,0,0,no
9232,"Tomas Kudelka",18,"Czech Rep.",EURO,75,205,D,2005,136,14,61,11,16,27,70,17,0,0,0,0,0,0,0,0,no
9625,"Ondrej Fiala",19,"Czech Rep.",EURO,72,190,C,2006,40,14,54,22,14,36,53,4,8,4,4,8,4,0,0,0,no
14004,"Bruce Graham",19,Canada,CAN,78,234,C,2004,51,14,68,24,33,57,89,-4,18,0,14,14,4,4,0,0,no
8471235,"Lukas Kaspar",19,CZE,EURO,74,225,L,2004,22,14,67,26,19,45,68,0,2,0,0,0,2,0,16,156,yes
8471689,"Ryan O'Marra",18,JPN,EURO,74,220,C,2005,15,14,70,30,38,68,72,-4,6,4,1,5,0,-3,33,334,yes
8474050,"Brett MacLean",19,CAN,CAN,74,201,L,2007,32,14,68,47,53,100,43,9,7,6,9,15,9,-2,18,156,yes
8474584,"Michael Del Zotto",18,CAN,CAN,72,195,D,2008,20,14,64,16,47,63,82,7,15,2,6,8,38,1,381,7781,yes
9229,"Jakub Sindel",18,"Czech Rep.",EURO,72,181,C,2004,54,15,88,24,26,50,38,9,13,1,1,2,2,1,0,0,no
9283,"Vladimir Ruzicka",18,"Czech Rep.",EURO,75,214,C,2007,103,15,60,30,51,81,66,16,4,1,2,3,4,-1,0,0,no
8471233,"Travis Zajac",19,CAN,CAN,74,185,C,2004,20,15,59,43,69,112,110,0,14,10,13,23,10,0,408,7460,yes
8471683,"Brian Lee",18,USA,USA,75,200,D,2005,9,15,37,12,29,41,4,0,4,2,3,5,2,0,187,3178,yes
8473546,"Michael Grabner",19,AUT,EURO,73,185,R,2006,14,15,67,36,14,50,28,0,0,0,0,0,0,0,219,3300,yes
8474095,"Dana Tyrell",18,CAN,CAN,70,192,C,2007,47,15,72,30,26,56,51,4,15,1,6,7,4,-2,132,1495,yes
8474585,"Tyler Cuma",18,CAN,CAN,73,194,D,2008,23,15,66,5,31,36,75,4,4,1,1,2,2,-4,1,11,yes
8474681,"Andrei Loktionov",18,RUS,EURO,71,190,C,2008,123,15,5,0,1,1,0,0,1,0,0,0,0,0,155,2062,yes
9289,"Mikhail Stefanovich",19,Belarus,EURO,74,214,R,2008,98,16,68,35,35,70,34,2,11,4,4,8,10,0,0,0,no
9340,"Ben Shutron",18,Canada,CAN,73,185,D,2006,95,16,74,10,31,41,138,20,6,0,2,2,14,-4,0,0,no
9488,"Ryan Garlock",18,Canada,CAN,72,203,C,2004,45,16,59,20,32,52,50,14,4,1,0,1,6,-4,0,0,no
9588,"Denis Parshin",18,Russia,EURO,70,154,L,2004,72,16,61,14,23,37,32,4,0,0,0,0,0,0,0,0,no
10608,"Marek Bartanus",18,Slovakia,EURO,75,218,L,2005,92,16,65,17,16,33,103,-2,8,1,1,2,16,0,0,0,no
11845,"Denis Reul",18,Germany,EURO,76,243,D,2007,130,16,70,11,23,34,112,-2,6,0,1,1,16,0,0,0,no
8471705,"Brendan Mikkelson",18,CAN,CAN,75,210,D,2005,31,16,76,5,12,17,60,-10,7,1,2,3,0,0,127,1825,yes
8474157,"Max Pacioretty",19,USA,USA,74,215,L,2007,22,16,60,21,42,63,119,20,7,4,6,10,10,2,319,5194,yes
2613,"Morten Madsen",18,Denmark,EURO,75,209,C,2005,122,17,45,12,20,32,22,-6,12,10,9,19,6,0,0,0,no
5509,"Jens Hellgren",18,Sweden,EURO,75,194,D,2007,155,17,71,4,13,17,44,0,11,2,2,4,8,0,0,0,no
9254,"Kirill Lyamin",18,Russia,EURO,74,207,D,2004,58,17,47,2,5,7,58,1,0,0,0,0,0,0,0,0,no
10877,"Alex Bourret",19,Canada,CAN,70,205,R,2005,16,17,65,31,55,86,172,27,8,6,8,14,25,2,0,0,no
11985,"Bryce Swan",19,Canada,CAN,74,190,R,2006,38,17,34,14,11,25,54,-8,11,2,5,7,8,0,0,0,no
8471218,"Blake Wheeler",18,USA,USA,77,225,R,2004,5,17,51,44,56,100,34,0,3,6,5,11,0,0,244,3717,yes
8474164,"Jonathon Blum",18,USA,USA,73,188,D,2007,23,17,72,8,43,51,48,37,27,3,7,10,8,13,106,1675,yes
8474589,"Tyler Ennis",19,CAN,CAN,69,175,C,2008,26,17,70,43,48,91,42,11,5,0,4,4,6,-2,345,6051,yes
8474666,"David Ullstrom",19,SWE,EURO,74,195,L,2008,102,17,47,27,27,54,86,0,3,2,2,4,0,0,49,508,yes
9260,"Mikhail Yunkov",18,Russia,EURO,72,207,C,2004,62,18,54,9,15,24,26,9,4,0,1,1,0,2,0,0,no
10434,"Codey Burki",19,Switzerlan,EURO,72,190,C,2006,59,18,70,27,34,61,69,5,6,0,3,3,2,0,0,0,no
11099,"Nick Ross",18,Canada,CAN,73,207,D,2007,30,18,70,7,24,31,87,11,10,1,5,6,14,0,0,0,no
12572,"Radim Ostrcil",18,"Czech Rep.",EURO,72,207,D,2007,169,18,85,12,18,30,105,-4,8,4,4,8,6,1,0,0,no
8471254,"Bryan Bickell",18,CAN,CAN,76,223,L,2004,41,18,59,20,16,36,76,-9,7,3,0,3,11,-1,101,1304,yes
8471693,"Jakub Kindl",18,CZE,EURO,75,199,D,2005,19,18,62,3,11,14,92,0,12,0,0,0,22,0,106,1458,yes
8473514,"Jesse Joensuu",19,FIN,EURO,76,213,L,2006,60,18,51,4,8,12,57,0,14,0,2,2,12,0,67,765,yes
8474579,"Luca Sbisa",18,ITA,EURO,74,209,D,2008,19,18,68,6,27,33,67,19,19,3,12,15,17,8,342,6107,yes
9259,"Roman Voloshenko",18,Russia,EURO,73,207,L,2004,42,19,56,15,15,30,60,5,4,1,1,2,4,2,0,0,no
10604,"Lukas Vantuch",18,"Czech Rep.",EURO,77,220,C,2005,172,19,53,17,20,37,66,14,5,0,3,3,12,-1,0,0,no
10616,"Juraj Simek",19,Switzerlan,EURO,72,196,R,2006,167,19,59,22,46,68,208,-1,0,0,0,0,0,0,0,0,no
8471241,"Mark Fistric",18,CAN,CAN,74,225,D,2004,28,19,72,1,11,12,192,-8,11,0,2,2,10,0,197,2864,yes
8471707,"James Neal",18,CAN,CAN,74,221,L,2005,33,19,73,19,27,46,38,-5,4,1,1,2,6,0,314,5552,yes
8473422,"Nick Foligno",19,USA,USA,72,205,L,2006,28,19,65,24,46,70,146,19,10,1,3,4,28,0,396,5610,yes
8474053,"Logan Couture",18,CAN,CAN,73,200,C,2007,9,19,60,28,54,82,26,-1,5,1,7,8,4,-1,297,5247,yes
8474590,"John Carlson",18,USA,USA,75,215,D,2008,27,19,59,12,31,43,72,11,4,1,0,1,0,2,398,8988,yes
8474670,"Andre Petersson",18,SWE,EURO,69,175,R,2008,109,19,46,24,31,55,40,0,3,0,0,0,2,0,1,5,yes
1269,"Johannes Salmonsson",18,Sweden,EURO,74,207,L,2004,31,20,44,4,14,18,16,6,0,0,0,0,0,0,0,0,no
9219,"Mark Mitera",19,USA,USA,75,209,D,2006,19,20,46,0,10,10,86,4,0,0,0,0,0,0,0,0,no
9591,"Igor Makarov",19,Russia,EURO,73,203,R,2006,33,20,47,14,15,29,34,5,17,3,4,7,20,1,0,0,no
14643,"A.J. Jenks",18,USA,USA,74,205,C,2008,100,20,68,26,29,55,94,-13,4,1,0,1,4,-9,0,0,no
8471261,"Dane Byers",18,CAN,CAN,75,204,L,2004,48,20,58,9,9,18,142,-5,6,1,2,3,17,0,6,37,yes
8471663,"Mike Blunden",19,CAN,CAN,76,217,R,2005,43,20,61,22,19,41,75,-9,2,0,0,0,2,-3,90,810,yes
8471741,"Teemu Laakso",18,FIN,EURO,73,215,D,2005,78,20,46,5,7,12,38,0,1,0,0,0,0,0,17,183,yes
8474114,"Oscar Moller",18,SWE,EURO,70,189,R,2007,52,20,68,32,37,69,50,0,5,0,3,3,6,0,87,1017,yes
9282,"Martin Latal",18,"Czech Rep.",EURO,71,185,R,2006,131,21,62,17,12,29,105,-3,7,4,1,5,8,1,0,0,no
10246,"Harri Ilvonen",19,Finland,EURO,74,194,D,2007,170,21,56,9,23,32,52,10,10,0,2,2,22,-6,0,0,no
8471253,"Grant Lewis",19,USA,USA,75,190,D,2004,40,21,34,3,22,25,57,0,0,0,0,0,0,0,1,15,yes
8471276,"David Krejci",18,CZE,EURO,72,186,C,2004,63,21,57,26,41,67,37,0,7,3,6,9,4,0,298,5097,yes
8471711,"Scott Jackson",18,CAN,CAN,75,219,D,2005,37,21,72,6,16,22,46,26,12,1,2,3,4,0,1,14,yes
8473501,"Ty Wishart",18,CAN,CAN,76,225,D,2006,16,21,77,5,32,37,82,12,5,0,0,0,4,-3,26,404,yes
8474032,"Nick Petrecki",18,USA,USA,75,230,D,2007,28,21,54,11,14,25,177,0,5,0,0,0,10,0,1,12,yes
8474601,"Yann Sauve",18,CAN,CAN,75,209,D,2008,41,21,69,6,15,21,92,1,14,1,2,3,23,-5,8,102,yes
8474693,"Tomas Kubalik",18,CZE,EURO,74,212,R,2008,135,21,54,16,20,36,68,0,6,1,3,4,22,0,12,165,yes
1950,"Oscar Hedman",18,Sweden,EURO,72,212,D,2004,132,22,76,17,18,35,42,-7,16,3,6,9,6,0,0,0,no
11844,"Jerome Flaake",18,Germany,EURO,75,203,R,2008,130,22,87,41,54,95,90,5,4,2,4,6,41,0,0,0,no
12457,"Mike Hoeffel",18,USA,USA,76,209,L,2007,57,22,44,16,7,23,28,0,0,0,0,0,0,0,0,0,no
8471281,"Adam Berti",18,CAN,CAN,75,205,L,2004,68,22,73,18,31,49,70,-2,7,0,2,2,4,-5,2,20,yes
8471714,"Michael Sauer",18,USA,USA,75,213,D,2005,40,22,32,2,11,13,10,6,0,0,0,0,0,0,98,1715,yes
8471738,"Perttu Lindgren",18,FIN,EURO,72,188,C,2005,75,22,46,14,29,43,4,0,10,7,10,17,4,0,1,9,yes
8473565,"Brian Strait",18,USA,USA,73,206,D,2006,65,22,61,2,12,14,76,0,0,0,0,0,0,0,31,483,yes
8473569,"Jan Mursak",18,SVN,EURO,71,190,L,2006,182,22,43,15,15,30,32,0,5,0,2,2,2,0,46,355,yes
8474128,"Milan Kytnar",18,SVK,EURO,72,190,C,2007,127,22,81,43,66,109,147,0,5,1,1,2,4,0,1,6,yes
8474581,"Jake Gardiner",18,USA,USA,74,200,D,2008,17,22,35,28,35,63,14,0,0,0,0,0,0,0,246,5206,yes
4418,"Risto Korhonen",19,Finland,EURO,75,201,D,2005,159,23,42,5,13,18,83,12,5,1,1,2,2,-7,0,0,no
9248,"Marek Zagrapan",19,Slovakia,EURO,72,205,C,2005,13,23,63,33,52,85,56,7,17,11,6,17,28,2,0,0,no
11470,"Patrick White",18,USA,USA,73,190,C,2007,25,23,36,22,28,50,26,10,0,0,0,0,0,0,0,0,no
12232,"Denis Kazionov",19,Russia,EURO,74,214,L,2006,198,23,57,4,13,17,46,1,3,0,0,0,0,-1,0,0,no
12270,"Ryan Hillier",18,Canada,CAN,72,179,L,2006,84,23,68,19,38,57,76,11,11,2,2,4,12,-1,0,0,no
8471327,"Wes O'Neill",18,CAN,CAN,76,215,D,2004,115,23,46,3,11,14,30,0,0,0,0,0,0,0,5,52,yes
8474627,"Jori Lehtera",21,FIN,EURO,74,212,C,2008,65,23,54,13,29,42,32,0,11,4,2,6,8,0,75,1215,yes
8474657,"Jamie Arniel",19,CAN,CAN,71,183,C,2008,97,23,60,27,20,47,38,-12,9,2,2,4,6,0,1,12,yes
8392,"Jan-Mikael Juutilainen",18,Finland,EURO,71,183,C,2006,156,24,79,23,35,58,69,-1,10,6,7,13,4,0,0,0,no
9235,"Zdenek Bahensky",18,"Czech Rep.",EURO,74,190,R,2004,73,24,75,19,24,43,224,14,2,1,1,2,14,2,0,0,no
9250,"Juraj Mikus",18,Slovakia,EURO,74,201,C,2005,121,24,85,24,38,62,70,-3,6,5,3,8,10,0,0,0,no
9373,"Dan Collins",18,USA,USA,73,203,R,2005,90,24,85,29,23,52,72,0,4,0,0,0,6,0,0,0,no
9483,"Andy Rogers",18,Canada,CAN,77,207,D,2004,30,24,71,2,5,7,115,10,7,0,0,0,11,-2,0,0,no
8473504,"Cal Clutterbuck",19,CAN,CAN,71,218,R,2006,72,24,66,35,33,68,139,-17,0,0,0,0,0,0,346,5074,yes
8474096,"Nick Spaling",19,CAN,CAN,73,198,C,2007,58,24,61,23,36,59,41,24,9,2,3,5,4,-1,297,4430,yes
8474586,"Jordan Eberle",18,CAN,CAN,71,184,C,2008,22,24,77,46,39,85,20,5,5,2,4,6,7,-2,356,6607,yes
11106,"Bobby Hughes",19,Canada,CAN,71,181,C,2006,123,25,56,35,40,75,47,9,6,1,1,2,4,-4,0,0,no
8471259,"Adam Pineault",18,USA,USA,73,201,R,2004,46,25,30,4,4,8,32,0,0,0,0,0,0,0,3,33,yes
8471279,"Sami Lepisto",20,FIN,EURO,73,193,D,2004,66,25,61,7,8,15,30,0,8,0,1,1,4,0,150,2661,yes
8471668,"Mattias Ritola",18,SWE,EURO,72,192,C,2005,103,25,27,10,16,26,20,0,5,1,1,2,2,0,43,436,yes
8471716,"Justin Abdelkader",18,USA,USA,74,218,L,2005,42,25,60,27,25,52,86,20,11,0,4,4,8,3,209,2478,yes
8473579,"Nikolay Kulemin",20,RUS,EURO,73,225,L,2006,44,25,31,5,7,12,8,0,11,2,4,6,6,0,351,5572,yes
8474002,"Colby Cohen",18,USA,USA,74,200,D,2007,45,25,53,13,47,60,110,5,4,0,0,0,2,-6,3,53,yes
8474587,"Greg Nemisz",18,CAN,CAN,75,197,R,2008,25,25,68,34,33,67,52,28,5,2,1,3,8,-4,15,100,yes
8474719,"Teemu Hartikainen",18,FIN,EURO,73,214,C,2008,163,25,51,21,14,35,36,0,11,1,4,5,6,0,52,673,yes
9245,"Juraj Gracik",18,Slovakia,EURO,75,194,L,2004,142,26,34,18,8,26,12,1,0,0,0,0,0,0,0,0,no
9292,"Tomas Marcinko",18,Slovakia,EURO,76,212,C,2006,115,26,64,31,25,56,62,48,12,2,3,5,10,2,0,0,no
11605,"Roman Teslyuk",18,Russia,EURO,73,212,D,2004,44,26,70,5,9,14,118,-6,5,0,1,1,2,3,0,0,no
8471743,"Vladimir Sobotka",18,CZE,EURO,70,197,L,2005,106,26,59,16,22,38,142,0,7,1,5,6,0,0,272,3570,yes
8471764,"Patrick Davis",19,USA,USA,74,195,R,2005,99,26,59,20,30,50,41,2,14,3,4,7,20,-2,9,106,yes
8473539,"Carl Sneep",19,USA,USA,76,210,D,2006,32,26,39,15,26,41,43,3,9,0,1,1,6,0,1,16,yes
8474066,"Thomas Hickey",18,CAN,CAN,72,189,D,2007,4,26,68,9,41,50,70,15,11,3,4,7,4,-4,121,2204,yes
8474610,"Zac Dalpe",19,CAN,CAN,74,199,C,2008,45,26,46,27,36,63,14,0,15,8,9,17,4,0,117,981,yes
4126,"Vyacheslav Trukhno",18,Russia,EURO,73,203,C,2005,120,27,70,25,35,60,63,-4,0,0,0,0,0,0,0,0,no
6424,"Juho Mielonen",18,Finland,EURO,75,198,D,2005,175,27,45,4,10,14,36,16,9,0,1,1,6,0,0,0,no
8393,"Robert Nyholm",18,Finland,EURO,73,196,R,2006,129,27,68,25,18,43,58,2,7,4,3,7,4,0,0,0,no
9242,"Julien Sprunger",18,Switzerlan,EURO,76,198,R,2004,117,27,60,16,13,29,38,7,4,0,0,0,4,0,0,0,no
12533,"Juraj Mikus",19,Slovakia,EURO,76,185,D,2007,134,27,71,9,18,27,76,-2,15,2,1,3,10,-1,0,0,no
8471266,"David Booth",20,USA,USA,72,212,L,2004,53,27,36,8,11,19,32,0,0,0,0,0,0,0,303,4923,yes
8473466,"Ryan White",18,CAN,CAN,72,200,C,2006,66,27,72,20,33,53,121,10,13,3,4,7,18,-6,89,953,yes
8474035,"Bill Sweatt",19,USA,USA,72,190,L,2007,38,27,37,10,18,28,18,-1,0,0,0,0,0,0,3,23,yes
8474575,"Colten Teubert",18,CAN,CAN,76,195,D,2008,13,27,73,7,17,24,165,0,6,1,4,5,6,-3,24,303,yes
2046,"Johan Dahlberg",18,Sweden,EURO,74,203,L,2005,173,28,60,15,5,20,135,1,4,0,0,0,4,0,0,0,no
3696,"Tony Lagerstrom",18,Sweden,EURO,74,198,L,2006,76,28,74,34,33,67,105,-1,5,1,2,3,14,0,0,0,no
11658,"Brady Calla",18,Canada,CAN,72,190,R,2006,73,28,66,8,25,33,52,7,11,1,2,3,4,0,0,0,no
12114,"Vaclav Meidl",18,"Czech Rep.",EURO,76,225,C,2004,81,28,67,14,28,42,108,1,9,0,3,3,4,-2,0,0,no
12388,"Chris Durand",18,Canada,CAN,74,205,C,2005,52,28,66,18,34,52,76,30,12,0,1,1,14,-6,0,0,no
8474091,"Brandon Sutter",18,USA,USA,75,191,C,2007,11,28,77,21,38,59,56,-3,7,0,3,3,14,0,415,6500,yes
8474598,"Nicolas Deschamps",18,CAN,CAN,72,173,C,2008,35,28,77,27,43,70,65,16,6,2,3,5,6,0,3,20,yes
2019,"Alexander Sundstrom",18,Sweden,EURO,72,201,C,2005,218,29,12,0,0,0,0,-2,0,0,0,0,0,0,0,0,no
3636,"Robin Figren",18,Sweden,EURO,71,187,R,2006,70,29,69,22,25,47,120,-3,9,6,2,8,6,0,0,0,no
9603,"Dmitri Vorobyov",19,Russia,EURO,74,243,D,2004,157,29,33,2,1,3,16,3,4,0,0,0,4,0,0,0,no
11984,"David Fischer",18,USA,USA,76,203,D,2006,20,29,28,8,31,39,22,0,0,0,0,0,0,0,0,0,no
12570,"Jyri Niemi",18,Finland,EURO,74,207,D,2008,72,29,49,14,20,34,57,-1,0,0,0,0,0,0,0,0,no
8471237,"Kris Chucko",18,CAN,CAN,74,190,L,2004,24,29,53,32,55,87,161,0,14,10,9,19,36,0,2,14,yes
8471832,"Nick Drazenovic",18,CAN,CAN,72,192,C,2005,171,29,72,18,38,56,24,-1,0,0,0,0,0,0,3,27,yes
8474113,"TJ Brennan",18,USA,USA,73,216,D,2007,31,29,68,16,25,41,79,0,4,1,1,2,4,0,40,639,yes
4131,"Aki Seitsonen",18,Finland,EURO,74,192,C,2004,118,30,71,16,24,40,18,9,5,0,0,0,0,-1,0,0,no
18032,"Roman Tomanek",18,Slovakia,EURO,73,198,R,2004,103,30,45,32,20,52,67,32,0,0,0,0,0,0,0,0,no
8471717,"Adam McQuaid",19,CAN,CAN,76,212,D,2005,55,30,66,3,16,19,98,31,8,0,2,2,10,1,158,2275,yes
8471747,"Mikko Lehtonen",18,FIN,EURO,75,196,R,2005,83,30,46,8,14,22,40,0,6,3,1,4,0,0,2,23,yes
8473453,"Trevor Lewis",19,USA,USA,73,201,C,2006,17,30,56,35,40,75,69,25,11,3,13,16,16,9,203,2626,yes
8474121,"Colton Gillies",18,CAN,CAN,76,208,C,2007,16,30,71,15,18,33,158,-20,0,0,0,0,0,0,154,1423,yes
8474577,"Joe Colborne",18,CAN,CAN,77,221,C,2008,16,30,61,34,61,95,52,0,24,9,12,21,30,0,160,2330,yes
5016,"Nicklas Lasu",19,Sweden,EURO,72,181,C,2008,124,31,52,21,37,58,50,1,8,5,5,10,4,0,0,0,no
12266,"Joey Ryan",19,USA,USA,73,190,D,2006,48,31,61,6,18,24,202,4,23,2,8,10,29,13,0,0,no
13646,"Gennadi Stolyarov",18,Russia,EURO,76,209,L,2004,257,31,24,3,1,4,4,-2,0,0,0,0,0,0,0,0,no
8471321,"Brett Carson",19,CAN,CAN,76,210,D,2004,109,31,71,5,27,32,49,14,7,0,0,0,6,0,78,1234,yes
8471702,"Matt Niskanen",19,USA,USA,73,200,D,2005,28,31,29,27,38,65,34,0,0,0,0,0,0,0,370,6932,yes
8474001,"TJ Galiardi",19,CAN,CAN,74,185,L,2007,55,31,33,14,17,31,30,0,0,0,0,0,0,0,283,4321,yes
8474691,"Philippe Cornet",18,CAN,CAN,72,196,L,2008,133,31,61,23,26,49,24,14,9,3,3,6,6,-2,2,21,yes
2495,"Fredrik Naslund",18,Sweden,EURO,77,209,L,2004,104,32,72,16,25,41,14,-6,3,0,1,1,4,0,0,0,no
7452,"Joonas Lehtivuori",18,Finland,EURO,72,176,D,2006,101,32,69,11,25,36,56,12,9,1,4,5,8,0,0,0,no
9436,"Shawn Weller",18,USA,USA,74,218,L,2004,77,32,36,17,22,39,117,0,3,3,3,6,6,0,0,0,no
11459,"Theo Ruth",18,USA,USA,72,205,D,2007,46,32,55,8,18,26,78,7,0,0,0,0,0,0,0,0,no
8471701,"Joe Finley",18,USA,USA,80,245,D,2005,27,32,55,3,10,13,181,-18,0,0,0,0,0,0,5,39,yes
8473582,"Ivan Vishnevskiy",18,RUS,EURO,72,193,D,2006,27,32,54,13,35,48,57,1,5,2,1,3,2,-1,5,92,yes
8474615,"Jared Staal",18,CAN,CAN,76,210,R,2008,49,32,60,21,28,49,44,-11,0,0,0,0,0,0,2,27,yes
11402,"Keven Veilleux",18,Canada,CAN,77,214,C,2007,51,33,72,20,36,56,53,-6,6,1,5,6,4,0,0,0,no
13497,"Kelsey Tessier",18,Canada,CAN,69,179,C,2008,110,33,68,36,45,81,73,19,11,8,7,15,10,0,0,0,no
8471265,"Raymond Sawada",19,CAN,CAN,74,207,R,2004,52,33,58,21,35,56,101,0,29,7,19,26,30,0,11,90,yes
8471767,"Blair Jones",19,CAN,CAN,74,216,C,2005,102,33,68,14,36,50,78,10,5,2,5,7,8,0,99,935,yes
8473608,"Blake Geoffrion",18,USA,USA,73,190,C,2006,56,33,60,19,27,46,76,0,0,0,0,0,0,0,55,551,yes
17516,"Jacob Lagace",18,Canada,CAN,70,201,C,2008,134,34,74,24,41,65,50,26,6,3,2,5,7,0,0,0,no
8471299,"Peter Regin",18,DNK,EURO,74,190,C,2004,87,34,44,15,17,32,16,9,0,0,0,0,0,0,141,1818,yes
8471736,"Radek Smolenak",19,CZE,EURO,74,207,L,2005,73,34,67,32,28,60,58,0,0,0,0,0,0,0,7,55,yes
8473426,"Mike Weber",19,USA,USA,74,217,D,2006,57,34,68,5,21,26,181,17,7,0,0,0,12,-3,174,3063,yes
8473463,"Leo Komarov",19,EST,EURO,71,210,C,2006,180,34,59,8,12,20,169,0,16,3,4,7,32,0,42,585,yes
8474031,"Kevin Shattenkirk",18,USA,USA,72,209,D,2007,14,34,64,14,31,45,64,0,0,0,0,0,0,0,282,5866,yes
9301,"Ruslan Bashkirov",18,Russia,EURO,72,198,L,2007,60,35,64,30,37,67,117,11,0,0,0,0,0,0,0,0,no
11474,"Logan Stephenson",18,Canada,CAN,75,205,D,2004,35,35,69,3,8,11,112,2,11,1,1,2,10,-2,0,0,no
18029,"Andrei Mikhailishin",18,Russia,EURO,76,220,D,2004,155,35,0,0,0,0,0,0,0,0,0,0,0,0,0,0,no
8471760,"Cody Bass",18,CAN,CAN,72,205,C,2005,95,35,70,11,17,28,107,5,5,1,1,2,8,0,48,313,yes
8473580,"Matthew Corrente",18,CAN,CAN,72,205,D,2006,30,35,68,6,24,30,200,0,4,1,1,2,8,0,34,405,yes
8474604,"Aaron Ness",18,USA,USA,70,184,D,2008,40,35,49,30,61,91,18,0,0,0,0,0,0,0,29,448,yes
9196,"Dan Bertram",18,Canada,CAN,70,183,R,2005,54,36,44,13,8,21,66,1,0,0,0,0,0,0,0,0,no
9491,"Evan Mcgrath",18,Canada,CAN,72,187,C,2004,128,36,75,16,37,53,32,4,5,2,1,3,2,-4,0,0,no
8471368,"Roman Wick",19,CHE,EURO,74,208,R,2004,156,36,33,8,2,10,12,0,0,0,0,0,0,0,7,60,yes
8473507,"Jeff Petry",19,USA,USA,75,204,D,2006,45,36,81,8,35,43,92,6,11,2,5,7,8,8,156,3352,yes
8473510,"Jonas Junland",19,SWE,EURO,74,200,D,2006,64,36,37,22,23,45,46,0,0,0,0,0,0,0,4,64,yes
8474137,"Drayson Bowman",18,USA,USA,73,195,L,2007,72,36,61,24,19,43,55,1,6,2,5,7,4,-3,176,1985,yes
8474607,"Max Sauve",18,FRA,EURO,72,185,C,2008,47,36,77,26,45,71,32,11,4,2,3,5,2,-4,1,4,yes
11059,"Riley Holzapfel",18,Canada,CAN,72,190,C,2006,43,37,64,19,38,57,46,35,22,7,9,16,20,12,0,0,no
11102,"Mitch Wahl",18,USA,USA,72,205,C,2008,48,37,67,20,53,73,63,33,21,6,8,14,20,6,0,0,no
12558,"Ben Ryan",19,USA,USA,71,190,C,2007,114,37,59,22,42,64,66,-2,8,3,5,8,8,2,0,0,no
15308,"Chris Zarb",19,USA,USA,76,196,D,2004,144,37,43,4,20,24,78,23,11,0,4,4,17,7,0,0,no
9252,"Ladislav Scurko",18,Slovakia,EURO,73,216,C,2004,170,38,75,23,32,55,124,6,8,6,3,9,10,0,0,0,no
9363,"Chris Lawrence",18,Canada,CAN,76,203,R,2005,89,38,74,12,40,52,61,17,7,3,3,6,4,1,0,0,no
8473512,"Claude Giroux",18,CAN,CAN,71,185,C,2006,22,38,69,39,64,103,64,30,17,5,15,20,24,-3,333,6279,yes
8474024,"Jim O'Brien",18,USA,USA,75,195,C,2007,29,38,50,10,12,22,63,0,0,0,0,0,0,0,63,718,yes
8474592,"Philip McRae",18,USA,USA,74,200,C,2008,33,38,73,21,31,52,65,-5,4,0,0,0,7,0,15,136,yes
9200,"Sasha Pokulok",19,Canada,CAN,77,229,D,2005,14,39,26,3,7,10,33,0,0,0,0,0,0,0,0,0,no
11695,"Taylor Ellington",19,Canada,CAN,74,209,D,2007,33,39,60,5,8,13,65,5,6,1,0,1,2,-5,0,0,no
14868,"Michael Forney",18,USA,USA,74,185,L,2006,80,39,28,24,37,61,28,3,0,0,0,0,0,0,0,0,no
8471256,"Michael Funk",18,CAN,CAN,76,199,D,2004,43,39,78,3,26,29,88,-9,5,0,1,1,6,0,9,63,yes
8471284,"Andrej Sekera",18,SVK,EURO,72,198,D,2004,71,39,47,5,12,17,40,0,2,0,1,1,4,0,233,4625,yes
10698,"Dan Ryder",18,Canada,CAN,71,194,C,2005,74,40,68,29,53,82,55,27,14,9,3,12,10,-2,0,0,no
11648,"Lukas Zeliska",18,Slovakia,EURO,72,212,C,2006,204,40,36,9,4,13,91,-3,7,4,1,5,22,1,0,0,no
12542,"David Skokan",19,Slovakia,EURO,72,183,C,2007,193,40,58,14,23,37,84,-3,0,0,0,0,0,0,0,0,no
14865,"Scott Mcculloch",18,Canada,CAN,73,201,L,2004,165,40,44,23,26,49,85,0,0,0,0,0,0,0,0,0,no
17504,"Danny Kristo",18,USA,USA,72,194,R,2008,56,40,64,25,21,46,53,7,0,0,0,0,0,0,0,0,no
8471334,"Alexander Nikulin",19,RUS,EURO,73,198,C,2004,122,40,47,21,20,41,46,0,0,0,0,0,0,0,3,16,yes
3724,"Niclas Andersen",18,Sweden,EURO,73,207,D,2006,114,41,80,7,13,20,294,-3,2,0,0,0,10,0,0,0,no
9341,"Francois Bouchard",18,Canada,CAN,73,198,R,2006,35,41,76,36,74,110,72,-8,4,1,0,1,6,-2,0,0,no
12401,"Danick Paquette",18,Canada,CAN,72,207,R,2008,64,41,63,29,13,42,213,8,5,1,2,3,30,-1,0,0,no
8471277,"Martins Karsums",18,LVA,EURO,70,198,R,2004,64,41,65,37,29,66,98,0,20,8,9,17,14,0,24,268,yes
8471498,"Jannik Hansen",18,DNK,EURO,73,194,R,2004,287,41,44,15,12,27,92,2,0,0,0,0,0,0,189,2531,yes
8471700,"Matt Pelech",18,CAN,CAN,76,230,R,2005,26,41,31,1,5,6,74,-4,0,0,0,0,0,0,5,66,yes
8474049,"Akim Aliu",18,NGA,EURO,76,225,R,2007,56,41,53,20,22,42,104,0,21,1,5,6,50,-4,7,76,yes
9354,"Jean-Philippe Paquet",18,Canada,CAN,74,201,D,2005,194,42,76,5,20,25,98,-1,4,1,2,3,2,-1,0,0,no
9655,"Peter Guggisberg",19,Switzerlan,EURO,71,192,R,2004,166,42,44,14,11,25,0,3,6,0,0,0,4,0,0,0,no
12504,"Logan Macmillan",18,Canada,CAN,73,176,D,2007,19,42,68,20,35,55,82,-5,12,9,11,20,6,8,0,0,no
14091,"James Livingston",18,Canada,CAN,73,192,R,2008,70,42,68,21,23,44,135,10,14,2,3,5,14,-1,0,0,no
15024,"Chad Painchaud",18,Canada,CAN,73,185,R,2004,106,42,68,17,25,42,25,23,24,4,6,10,23,5,0,0,no
16048,"Matias Sointu",18,Finland,EURO,70,165,L,2008,182,42,72,37,27,64,64,11,5,3,1,4,4,-1,0,0,no
8473465,"Jamie McGinn",18,CAN,CAN,73,205,L,2006,36,42,72,28,32,60,123,-11,6,2,2,4,4,-3,268,3329,yes
11244,"Bryan Cameron",18,Canada,CAN,71,185,C,2007,82,43,60,33,25,58,50,-6,15,4,8,12,15,3,0,0,no
23857,"Michal Sersen",19,Slovakia,EURO,74,203,D,2004,130,43,45,7,18,25,30,20,9,1,5,6,6,-4,0,0,no
8471698,"T.J. Oshie",19,USA,USA,72,189,R,2005,24,43,42,40,64,104,28,-2,0,0,0,0,0,0,262,4837,yes
8474674,"James Wright",18,CAN,CAN,76,210,C,2008,117,43,60,13,23,36,21,4,6,1,0,1,2,-3,146,1567,yes
8067,"Jonas Enlund",19,Finland,EURO,72,198,L,2006,165,44,41,25,19,44,14,23,0,0,0,0,0,0,0,0,no
11391,"Olivier Fortier",18,Canada,CAN,71,168,C,2007,65,44,75,28,37,65,28,-9,0,0,0,0,0,0,0,0,no
18019,"Brian Ihnacak",19,Italy,EURO,72,190,C,2004,259,44,31,10,20,30,20,0,0,0,0,0,0,0,0,0,no
18021,"Lukas Vomela",19,"Czech Rep.",EURO,75,192,D,2004,248,44,36,1,8,9,16,-6,0,0,0,0,0,0,0,0,no
8471724,"Kris Letang",18,CAN,CAN,72,201,D,2005,62,44,76,15,21,36,99,-16,0,0,0,0,0,0,350,7599,yes
8473493,"Ben Maxwell",18,CAN,CAN,73,195,C,2006,49,44,76,30,37,67,62,17,6,3,5,8,0,1,47,428,yes
8474646,"Brandon McMillan",18,CAN,CAN,71,190,L,2008,85,44,78,16,28,44,66,-2,7,0,0,0,6,-3,171,2060,yes
9234,"Karel Hromas",18,"Czech Rep.",EURO,73,220,L,2004,123,45,80,16,16,32,30,9,2,0,0,0,0,0,0,0,no
9318,"Kevin Montgomery",18,USA,USA,73,190,D,2006,110,45,65,6,16,22,76,5,0,0,0,0,0,0,0,0,no
12113,"Dale Mitchell",18,Canada,CAN,69,205,R,2007,74,45,67,43,37,80,81,3,9,1,4,5,12,-7,0,0,no
8471336,"David Laliberte",18,CAN,CAN,73,194,R,2004,124,45,70,21,22,43,51,7,11,1,3,4,6,0,11,86,yes
8471710,"Taylor Chorney",18,CAN,CAN,72,191,D,2005,36,45,56,5,30,35,60,0,0,0,0,0,0,0,61,1024,yes
8474685,"Matt Calvert",19,CAN,CAN,71,188,L,2008,127,45,72,24,40,64,53,0,6,1,2,3,2,0,209,2977,yes
11128,"Maxim Grachyov",19,Russia,EURO,71,203,L,2007,106,46,70,35,42,77,88,-7,0,0,0,0,0,0,0,0,no
11324,"Tyler Haskins",18,USA,USA,73,194,C,2004,162,46,63,18,27,45,32,18,18,5,4,9,10,-1,0,0,no
17517,"Corey Trivino",18,Canada,CAN,73,190,C,2008,36,46,46,23,53,76,24,6,0,0,0,0,0,0,0,0,no
8471348,"Nikita Nikitin",18,RUS,EURO,76,217,D,2004,136,46,34,3,8,11,22,0,0,0,0,0,0,0,41,672,yes
8471730,"Evan Brophey",19,CAN,CAN,74,199,C,2005,68,46,63,28,43,71,55,4,5,2,1,3,2,-2,4,20,yes
8473492,"Matt Beleskey",18,CAN,CAN,72,203,L,2006,112,46,68,20,21,41,156,0,6,1,2,3,10,3,209,2537,yes
2620,"Emil Axelsson",18,Sweden,EURO,75,223,D,2004,210,47,61,5,0,5,109,-28,0,0,0,0,0,0,0,0,no
8471756,"Oskars Bartulis",18,LVA,EURO,74,184,D,2005,91,47,62,5,19,24,55,0,12,1,1,2,16,0,66,909,yes
8473589,"Chris Summers",18,USA,USA,74,207,D,2006,29,47,65,7,11,18,122,0,0,0,0,0,0,0,29,365,yes
8474163,"Kevin Marshall",18,CAN,CAN,73,191,D,2007,41,47,70,5,27,32,141,34,17,0,7,7,38,-2,10,88,yes
8474641,"Adam Henrique",18,CAN,CAN,72,195,C,2008,82,47,66,20,24,44,28,17,5,2,3,5,4,-4,269,4845,yes
9487,"John Lammers",18,Canada,CAN,70,183,L,2004,86,48,69,24,24,48,31,6,0,0,0,0,0,0,0,0,no
12277,"Luke Lynes",19,USA,USA,73,216,C,2006,122,48,65,34,28,62,61,10,11,2,6,8,10,-6,0,0,no
13659,"Stanislav Balan",18,"Czech Rep.",EURO,74,176,C,2004,209,48,80,25,39,64,128,5,5,2,0,2,31,0,0,0,no
14684,"Tim Kunes",18,USA,USA,72,187,D,2005,145,48,50,12,28,40,51,0,0,0,0,0,0,0,0,0,no
8474145,"Robert Bortuzzo",18,CAN,CAN,76,221,D,2007,78,48,63,2,12,14,67,15,9,1,2,3,8,-1,75,1099,yes
8474597,"Cody Goloubef",19,CAN,CAN,73,200,D,2008,37,48,40,4,6,10,36,0,0,0,0,0,0,0,53,778,yes
12171,"Matt Fillier",19,Canada,CAN,72,174,L,2007,188,49,63,18,18,36,118,-28,4,0,1,1,2,0,0,0,no
15653,"Jani Lajunen",18,Finland,EURO,74,214,C,2008,201,49,46,8,12,20,24,12,3,0,0,0,0,-2,0,0,no
8471392,"Roman Polak",18,CZE,EURO,74,235,D,2004,180,49,59,4,8,12,56,0,0,0,0,0,0,0,227,4468,yes
8471718,"Marc-Andre Cliche",18,CAN,CAN,72,202,C,2005,56,49,19,4,4,8,8,1,0,0,0,0,0,0,1,7,yes
8474629,"Shawn Lalonde",18,CAN,CAN,73,204,D,2008,68,49,66,9,22,31,67,28,25,2,10,12,35,7,1,15,yes
4407,"Mario Kempe",19,Sweden,EURO,72,185,R,2007,122,50,62,23,19,42,51,-19,4,0,0,0,2,-2,0,0,no
14866,"Aaron Marvin",18,USA,USA,74,192,C,2006,89,50,23,9,21,30,0,0,0,0,0,0,0,0,0,0,no
19044,"Matt Delahey",19,Canada,CAN,73,212,D,2008,112,50,68,3,16,19,68,7,6,0,3,3,6,-9,0,0,no
41103,"Valeri Klimov",18,Russia,EURO,75,227,D,2004,282,50,0,0,0,0,0,0,0,0,0,0,0,0,0,0,no
8471748,"Mark Fraser",19,CAN,CAN,76,220,D,2005,84,50,58,0,8,8,96,3,15,0,3,3,26,-3,98,1199,yes
2018,"David Fredriksson",19,Sweden,EURO,76,238,L,2004,211,51,27,9,3,12,44,0,8,1,0,1,2,0,0,0,no
11058,"Mitch Fadden",19,Canada,CAN,72,201,C,2007,107,51,71,36,48,84,54,9,0,0,0,0,0,0,0,0,no
12271,"John Armstrong",18,Canada,CAN,75,212,C,2006,87,51,65,14,23,37,75,-18,13,4,7,11,18,4,0,0,no
12386,"Chad Denny",18,Canada,CAN,74,209,D,2005,49,51,53,8,18,26,98,9,8,2,2,4,14,3,0,0,no
18015,"Jordan Smith",19,Canada,CAN,74,220,D,2004,39,51,68,6,20,26,140,12,0,0,0,0,0,0,0,0,no
8474628,"Michael Stone",18,CAN,CAN,75,210,D,2008,69,51,71,10,25,35,28,3,14,3,4,7,10,0,204,3811,yes
8471282,"Casey Borer",19,USA,USA,74,205,D,2004,69,52,31,0,8,8,18,0,0,0,0,0,0,0,16,223,yes
8471670,"Guillaume Latendresse",18,CAN,CAN,74,230,L,2005,45,52,71,31,52,83,80,7,6,6,4,10,7,0,314,4212,yes
8473438,"Mathieu Carle",19,CAN,CAN,72,203,D,2006,53,52,67,18,51,69,122,20,17,1,14,15,29,0,3,43,yes
8474146,"Spencer Machacek",19,CAN,CAN,73,200,R,2007,67,52,63,21,24,45,32,26,27,12,11,23,14,12,25,191,yes
8474642,"Lance Bouma",18,CAN,CAN,74,208,C,2008,78,52,71,12,23,35,93,10,10,0,1,1,8,-2,199,2443,yes
8395,"Juuso Puustinen",18,Finland,EURO,73,196,R,2006,149,53,62,24,16,40,108,-2,5,0,0,0,0,-3,0,0,no
9620,"Roman Psurny",18,"Czech Rep.",EURO,73,187,C,2004,135,53,80,27,41,68,140,8,5,0,0,0,2,0,0,0,no
11528,"Clayton Barthel",18,Canada,CAN,75,205,D,2004,88,53,72,3,14,17,125,13,0,0,0,0,0,0,0,0,no
11640,"Jesse Dudas",18,Hungary,EURO,74,216,D,2006,159,53,24,0,11,11,27,2,0,0,0,0,0,0,0,0,no
11645,"Jeff May",18,Canada,CAN,74,201,D,2005,151,53,67,3,19,22,66,2,17,2,3,5,13,5,0,0,no
14399,"Nick Larson",19,USA,USA,74,207,L,2008,108,53,57,19,19,38,66,0,9,3,2,5,31,0,0,0,no
8474134,"Yannick Weber",19,CHE,EURO,71,200,D,2007,73,53,52,13,28,41,44,0,9,3,6,9,8,0,164,2396,yes
12170,"Jean-Simon Allard",18,Canada,CAN,73,181,C,2007,147,54,69,12,38,50,47,-30,4,0,1,1,4,-4,0,0,no
12486,"Mathieu Aubin",19,Canada,CAN,75,190,C,2005,130,54,49,19,26,45,24,10,8,3,6,9,6,3,0,0,no
8471314,"Mike Lundin",20,USA,USA,74,190,D,2004,102,54,44,3,16,19,34,0,0,0,0,0,0,0,224,4015,yes
8473496,"Oskar Osala",19,FIN,EURO,76,219,L,2006,97,54,68,17,26,43,86,0,0,0,0,0,0,0,3,24,yes
8474612,"Travis Hamonic",18,CAN,CAN,74,205,D,2008,53,54,68,6,19,25,107,7,6,0,1,1,6,-4,323,7339,yes
18027,"Jan Zapletal",18,"Czech Rep.",EURO,73,183,D,2004,188,55,51,2,4,6,26,-2,4,0,0,0,0,0,0,0,no
19034,"Maxim Trunyov",18,Russia,EURO,72,198,R,2008,138,55,40,27,25,52,58,0,0,0,0,0,0,0,0,0,no
8471735,"Keith Yandle",19,USA,USA,73,196,D,2005,105,55,34,14,40,54,52,0,0,0,0,0,0,0,365,7380,yes
8473416,"Michael Caruso",18,CAN,CAN,74,191,D,2006,103,55,66,1,15,16,85,21,15,1,2,3,24,10,2,16,yes
8473986,"Alex Killorn",18,CAN,CAN,73,196,L,2007,77,55,25,18,14,32,0,0,0,0,0,0,0,0,120,2014,yes
8474059,"Linus Omark",20,SWE,EURO,70,187,L,2007,97,55,50,8,9,17,32,0,4,1,0,1,2,0,79,1146,yes
9374,"Jason Bailey",18,USA,USA,73,209,R,2005,63,56,73,9,17,26,230,0,0,0,0,0,0,0,0,0,no
12509,"Nico Sacchetti",18,USA,USA,72,198,C,2007,50,56,25,38,52,90,22,0,0,0,0,0,0,0,0,0,no
18031,"Evan Schafer",19,Canada,CAN,74,220,D,2004,105,56,71,3,6,9,190,-6,6,0,0,0,14,0,0,0,no
8473456,"Rhett Rakhshani",18,USA,USA,70,182,R,2006,100,56,65,29,26,55,69,0,0,0,0,0,0,0,7,84,yes
8474602,"Justin Schultz",18,CAN,CAN,74,193,D,2008,43,56,57,9,31,40,28,0,11,3,5,8,4,0,203,4587,yes
12160,"Benjamin Breault",18,Canada,CAN,70,190,C,2006,207,57,68,30,38,68,60,-20,4,0,2,2,4,0,0,0,no
18597,"Brandon Burlon",18,Canada,CAN,72,190,D,2008,52,57,32,7,17,24,41,0,12,2,6,8,10,0,0,0,no
8471358,"Bryan Young",18,CAN,CAN,73,191,D,2004,146,57,60,0,8,8,63,-18,0,0,0,0,0,0,17,156,yes
8471761,"Chris Butler",19,USA,USA,73,196,D,2005,96,57,60,6,22,28,90,36,13,1,6,7,10,8,223,4326,yes
8474089,"Brad Malone",18,CAN,CAN,74,207,C,2007,105,57,57,14,19,33,134,6,8,3,1,4,24,4,54,421,yes
9228,"Petr Pohl",18,"Czech Rep.",EURO,71,190,R,2004,133,58,70,23,27,50,16,11,8,0,2,2,2,-1,0,0,no
9420,"Nate Hagemo",19,USA,USA,71,190,D,2005,58,58,37,2,8,10,42,-3,0,0,0,0,0,0,0,0,no
11607,"Joel Broda",19,Canada,CAN,72,196,C,2008,144,58,73,30,23,53,74,-1,6,1,1,2,0,-6,0,0,no
8471269,"Nicklas Grossmann",19,SWE,EURO,76,230,D,2004,56,58,34,1,2,3,32,0,2,0,0,0,0,0,281,4929,yes
8473473,"Milan Lucic",18,CAN,CAN,75,236,L,2006,50,58,62,9,10,19,149,4,23,3,4,7,56,7,405,6190,yes
8474153,"Michal Repik",19,CZE,EURO,70,180,R,2007,40,58,56,24,31,55,56,0,27,13,20,33,28,0,72,773,yes
11673,"Ben Wright",18,Canada,CAN,74,196,D,2006,113,59,55,5,13,18,79,-2,6,3,5,8,12,2,0,0,no
8471399,"Robbie Earl",19,USA,USA,73,195,L,2004,187,59,42,14,13,27,46,0,0,0,0,0,0,0,47,422,yes
8471762,"Chris VandeVelde",18,USA,USA,74,190,C,2005,97,59,37,36,36,72,28,1,4,0,2,2,0,-1,17,256,yes
8474063,"Mark Katic",18,CAN,CAN,70,191,D,2007,62,59,74,5,36,41,31,8,4,1,3,4,8,-1,11,181,yes
8474748,"Andrew MacWilliam",18,CAN,CAN,74,223,D,2008,188,59,54,0,13,13,130,0,24,1,5,6,55,0,12,185,yes
11129,"Maxime Tanguay",19,Canada,CAN,71,176,C,2007,69,60,54,24,36,60,32,-14,0,0,0,0,0,0,0,0,no
12208,"Robby Dee",18,USA,USA,73,183,C,2005,86,60,28,49,38,87,14,0,0,0,0,0,0,0,0,0,no
13652,"Jan Steber",19,"Czech Rep.",EURO,75,203,C,2004,252,60,72,17,16,33,45,-26,0,0,0,0,0,0,0,0,no
18851,"Justin Jokinen",19,USA,USA,75,185,R,2008,101,60,37,26,31,57,58,0,0,0,0,0,0,0,0,0,no
8473568,"Andreas Nodl",19,AUT,EURO,73,196,R,2006,39,60,58,29,30,59,16,13,14,6,9,15,6,2,183,2171,yes
11401,"Zack Torquato",18,Canada,CAN,72,194,C,2007,178,61,71,30,42,72,95,-25,0,0,0,0,0,0,0,0,no
12267,"Simon Danis-Pepin",18,Canada,CAN,79,207,D,2006,61,61,25,0,5,5,14,4,0,0,0,0,0,0,0,0,no
18596,"Corey Fienhage",18,USA,USA,75,216,D,2008,81,61,48,9,12,21,88,5,2,0,0,0,0,0,0,0,no
8471742,"Cody Franson",18,CAN,CAN,77,224,D,2005,79,61,64,2,11,13,44,-10,4,0,1,1,0,0,198,3000,yes
4284,"Valtteri Tenkanen",19,Finland,EURO,71,183,C,2004,264,62,37,4,6,10,4,-2,11,2,3,5,0,-2,0,0,no
11593,"Wacey Rabbit",19,Canada,CAN,70,181,C,2005,154,62,70,22,45,67,70,23,4,1,2,3,0,0,0,0,no
19181,"Steven Delisle",18,Canada,CAN,78,234,D,2008,107,62,70,6,23,29,89,8,19,0,10,10,16,0,0,0,no
8471352,"Jake Dowell",19,USA,USA,72,200,C,2004,140,62,43,6,15,21,50,0,0,0,0,0,0,0,102,1193,yes
8473574,"Shawn Matthias",18,CAN,CAN,76,231,L,2006,47,62,74,14,21,35,44,-9,6,3,0,3,2,-1,253,3214,yes
8473997,"Luca Caputi",19,CAN,CAN,75,200,L,2007,111,62,68,27,38,65,66,0,5,2,1,3,0,0,35,453,yes
9321,"Mike Carman",18,USA,USA,72,181,C,2006,81,63,83,31,47,78,136,7,0,0,0,0,0,0,0,0,no
9494,"Frederik Cabana",18,Canada,CAN,73,183,C,2004,171,63,77,18,25,43,96,-9,0,0,0,0,0,0,0,0,no
18746,"Matt Marshall",19,USA,USA,73,201,C,2007,150,63,27,14,10,24,8,0,0,0,0,0,0,0,0,0,no
19041,"Eric Mestery",18,Canada,CAN,76,194,D,2008,57,63,71,2,14,16,65,9,16,2,1,3,10,0,0,0,no
8471699,"Andrew Cogliano",18,CAN,CAN,70,184,L,2005,25,63,49,36,66,102,33,0,25,22,24,46,20,0,410,6082,yes
3706,"Jonathan Carlsson",20,Sweden,EURO,74,187,D,2008,162,64,71,8,9,17,45,-8,4,2,0,2,0,0,0,0,no
19050,"Julien Demers",19,Canada,CAN,74,218,D,2008,146,64,65,5,28,33,94,-5,4,0,2,2,0,-3,0,0,no
8471851,"Matt D'Agostini",19,CAN,CAN,72,198,R,2005,190,64,59,24,22,46,29,0,4,0,2,2,8,-2,238,3160,yes
8474062,"Riley Nash",18,CAN,CAN,73,200,C,2007,21,64,55,38,46,84,87,0,11,4,7,11,31,0,110,1388,yes
9262,"Denis Bodrov",20,Russia,EURO,73,205,D,2006,55,65,41,2,5,7,44,-7,8,0,0,0,8,-1,0,0,no
12520,"Jake Hansen",18,USA,USA,73,192,R,2007,68,65,15,4,4,8,14,-1,7,0,2,2,8,1,0,0,no
18014,"Michael Gergen",18,USA,USA,71,194,D,2005,61,65,66,56,50,106,104,0,0,0,0,0,0,0,0,0,no
8471260,"Blake Comeau",18,CAN,CAN,73,202,L,2004,47,65,75,10,23,33,129,13,21,4,2,6,29,0,245,3863,yes
8473525,"Theo Peckham",19,CAN,CAN,74,246,D,2006,75,65,67,6,9,15,236,-11,11,1,6,7,32,-3,160,2729,yes
8474625,"Jimmy Hayes",19,USA,USA,77,215,R,2008,60,65,58,8,24,32,30,15,8,4,5,9,8,5,168,2153,yes
14875,"Rob Bellamy",19,USA,USA,73,190,R,2004,92,66,39,19,25,44,120,0,0,0,0,0,0,0,0,0,no
8473468,"Eric Gryba",18,CAN,CAN,76,225,D,2006,68,66,56,3,12,15,205,13,3,1,1,2,27,-5,33,669,yes
8473999,"Nick Palmieri",18,USA,USA,75,220,R,2007,79,66,56,24,21,45,99,-24,0,0,0,0,0,0,87,1089,yes
8474609,"Luke Adam",18,CAN,CAN,74,207,C,2008,44,66,70,36,30,66,72,9,6,3,5,8,8,-1,90,1070,yes
11252,"Dalyn Flatt",19,Canada,CAN,75,214,D,2005,77,67,72,1,18,19,237,36,4,0,0,0,12,-3,0,0,no
12119,"Pierre-Luc Lessard",18,Canada,CAN,72,179,D,2006,121,67,55,7,25,32,38,7,17,2,10,12,12,3,0,0,no
8471290,"Peter Olvecky",19,SVK,EURO,74,220,L,2004,78,67,58,16,20,36,92,0,2,0,0,0,12,0,32,284,yes
8474074,"Paul Postma",18,CAN,CAN,75,195,D,2007,205,67,70,5,19,24,42,-19,6,0,1,1,0,-3,58,869,yes
9233,"Michal Birner",18,"Czech Rep.",EURO,72,201,L,2004,116,68,79,33,45,78,128,11,2,0,1,1,4,-1,0,0,no
10676,"John De Gray",18,Canada,CAN,76,216,D,2006,83,68,68,0,10,10,103,10,11,0,0,0,8,-6,0,0,no
8471310,"Dustin Boyd",18,CAN,CAN,72,187,C,2004,98,68,72,18,20,38,40,-5,10,2,2,4,8,0,220,2568,yes
8474090,"Brendan Smith",18,CAN,CAN,74,211,D,2007,27,68,39,12,24,36,90,0,16,6,14,20,30,0,119,2150,yes
12272,"Ryan Turek",19,USA,USA,71,185,D,2006,94,69,52,17,11,28,71,2,5,1,1,2,2,0,0,0,no
18028,"Jordan Foote",19,Canada,CAN,75,205,R,2004,169,69,58,23,26,49,73,0,24,3,7,10,37,0,0,0,no
19047,"Geordie Wudrick",18,Canada,CAN,75,223,L,2008,88,69,66,20,24,44,72,10,12,5,2,7,6,4,0,0,no
8471671,"Dustin Kohn",18,CAN,CAN,73,200,D,2005,46,69,71,8,35,43,61,18,12,0,4,4,6,0,22,255,yes
1255,"Fred Wikner",18,Sweden,EURO,73,198,R,2004,182,70,58,12,15,27,101,1,9,2,2,4,8,0,0,0,no
11308,"Max Gordichuk",18,Canada,CAN,78,216,D,2004,177,70,70,0,8,8,54,8,5,0,1,1,6,1,0,0,no
14401,"Drew Mackenzie",19,USA,USA,74,203,D,2007,209,70,24,3,13,16,0,0,0,0,0,0,0,0,0,0,no
19049,"Nathan Condon",18,USA,USA,72,181,C,2008,200,70,47,53,51,104,16,0,0,0,0,0,0,0,0,0,no
8471709,"Marc-Edouard Vlasic",18,CAN,CAN,73,205,D,2005,35,70,70,5,25,30,33,39,13,2,7,9,2,0,471,10507,yes
2020,"Patrik Zackrisson",20,Sweden,EURO,71,192,C,2007,165,71,52,22,21,43,60,18,0,0,0,0,0,0,0,0,no
11114,"Harrison Reed",18,Canada,CAN,73,187,R,2006,93,71,68,26,24,50,50,-31,0,0,0,0,0,0,0,0,no
12536,"Justin Mccrae",19,Canada,CAN,73,185,C,2007,102,71,61,16,33,49,98,-3,0,0,0,0,0,0,0,0,no
15018,"David Toews",18,Canada,CAN,70,181,C,2008,66,71,51,44,56,100,20,0,0,0,0,0,0,0,0,0,no
53546,"Mitch Maunu",18,Canada,CAN,73,225,D,2004,120,71,68,11,15,26,91,2,4,1,0,1,0,-8,0,0,no
8471786,"Ray Macias",19,USA,USA,74,195,D,2005,124,71,69,12,35,47,18,-15,2,0,0,0,0,0,8,138,yes
7571,"Vili Sopanen",20,Finland,EURO,75,218,R,2007,177,72,52,20,22,42,48,0,15,5,13,18,18,1,0,0,no
8470996,"Danny Syvret",20,CAN,CAN,72,205,D,2005,81,72,62,23,46,69,33,70,22,6,19,25,6,19,59,850,yes
8471268,"Victor Oreskovich",18,CAN,CAN,75,215,R,2004,55,72,58,11,26,37,33,3,0,0,0,0,0,0,66,570,yes
8473550,"Andrew Bodnarchuk",18,CAN,CAN,71,195,D,2006,128,72,68,6,17,23,136,11,11,0,2,2,22,-4,5,37,yes
8474046,"Alex Plante",18,CAN,CAN,76,230,D,2007,15,72,58,8,30,38,81,18,13,5,6,11,14,0,10,131,yes
8474613,"Derek Stepan",18,USA,USA,72,196,C,2008,51,72,60,44,67,111,22,0,0,0,0,0,0,0,362,6620,yes
1290,"Richard Demen Willaume",18,Sweden,EURO,75,223,D,2004,154,73,61,11,9,20,70,1,12,1,3,4,10,0,0,0,no
8394,"Max Warn",18,Finland,EURO,74,207,L,2006,150,73,52,14,20,34,69,8,7,4,2,6,6,0,0,0,no
11233,"James Delory",18,Canada,CAN,72,212,D,2006,98,73,67,6,26,32,136,-22,0,0,0,0,0,0,0,0,no
15314,"Will Engasser",19,USA,USA,74,225,L,2004,261,73,52,31,35,66,20,0,0,0,0,0,0,0,0,0,no
18243,"Taylor Stefishen",18,Canada,CAN,72,185,L,2008,136,73,57,33,48,81,71,0,0,0,0,0,0,0,0,0,no
8471703,"Steve Downie",18,CAN,CAN,71,191,R,2005,29,73,61,21,52,73,179,1,11,4,5,9,49,-5,272,3741,yes
15017,"David Carle",19,USA,USA,72,185,D,2008,203,74,61,13,38,51,61,0,0,0,0,0,0,0,0,0,no
8471246,"Chris Bourque",18,USA,USA,68,174,L,2004,33,74,31,37,53,90,96,0,0,0,0,0,0,0,33,314,yes
8471669,"Paul Stastny",20,CAN,CAN,72,202,C,2005,44,74,42,17,28,45,30,0,0,0,0,0,0,0,427,8515,yes
8473488,"Sergei Shirokov",20,RUS,EURO,70,195,L,2006,163,74,39,7,7,14,26,0,4,0,0,0,0,0,8,98,yes
8473992,"Justin Falk",19,CAN,CAN,77,222,D,2007,110,74,62,3,12,15,88,11,6,0,0,0,8,-1,129,1975,yes
10433,"Patrick Mcneill",18,Canada,CAN,72,201,D,2005,118,75,66,7,26,33,31,-29,0,0,0,0,0,0,0,0,no
11590,"Casey Pierro-Zabotel",19,Canada,CAN,74,207,C,2007,80,75,55,51,65,116,42,0,7,8,3,11,13,0,0,0,no
19076,"Jordon Southorn",18,Canada,CAN,73,185,D,2008,104,75,69,12,19,31,70,-10,4,0,1,1,4,-5,0,0,no
8471280,"Nick Johnson",19,CAN,CAN,74,200,R,2004,67,75,51,35,36,71,33,0,4,0,2,2,0,0,10,128,yes
11241,"Anthony Nigro",18,Canada,CAN,71,190,C,2008,155,76,67,24,24,48,65,1,10,2,3,5,7,-1,0,0,no
9316,"Ryan Flynn",18,USA,USA,75,209,R,2006,176,77,65,18,18,36,81,2,0,0,0,0,0,0,0,0,no
19077,"Julien Cayer",19,Canada,CAN,76,201,C,2008,151,77,42,24,32,56,56,0,0,0,0,0,0,0,0,0,no
8471339,"Ryan Callahan",19,USA,USA,70,187,R,2004,127,77,71,37,33,70,94,17,25,14,9,23,28,4,284,4859,yes
8471728,"Brodie Dupont",18,CAN,CAN,74,210,L,2005,66,77,70,14,11,25,111,-4,12,2,8,10,21,0,1,6,yes
8471483,"Kyle Wilson",20,CAN,CAN,73,200,C,2004,272,78,37,14,17,31,23,0,0,0,0,0,0,0,34,359,yes
8471753,"T.J. Hensick",20,USA,USA,70,190,C,2005,88,78,39,23,32,55,24,0,0,0,0,0,0,0,112,1342,yes
11250,"Aaron Snow",18,Canada,CAN,72,198,L,2006,90,79,68,30,38,68,107,11,11,4,4,8,22,-5,0,0,no
13606,"Josh Kidd",19,Canada,CAN,76,220,D,2007,184,79,64,9,18,27,96,-36,0,0,0,0,0,0,0,0,no
13615,"Bret Nasby",18,Canada,CAN,75,187,D,2004,152,79,56,0,7,7,41,-5,7,0,3,3,6,-1,0,0,no
9213,"Geoff Paukovich",18,USA,USA,76,209,L,2004,57,80,17,4,2,6,39,-2,0,0,0,0,0,0,0,0,no
12120,"Chris Doyle",18,Canada,CAN,72,194,C,2008,141,80,63,27,36,63,81,-18,4,1,5,6,6,-3,0,0,no
15044,"Andrew Thomas",20,USA,USA,74,220,D,2005,109,80,42,2,5,7,78,0,0,0,0,0,0,0,0,0,no
8473419,"Brad Marchand",18,CAN,CAN,69,181,L,2006,71,80,68,29,37,66,83,40,25,7,16,23,36,11,218,3418,yes
9323,"Mike Ratchuk",18,USA,USA,70,190,D,2006,42,81,61,12,21,33,60,4,0,0,0,0,0,0,0,0,no
18598,"Adam Comrie",18,USA,USA,76,220,D,2008,80,81,58,10,18,28,90,17,4,0,0,0,4,-7,0,0,no
8474013,"Ian Cole",18,USA,USA,73,219,D,2007,18,81,65,12,19,31,70,0,0,0,0,0,0,0,113,1831,yes
12191,"Sergei Kolosov",18,Belarus,EURO,76,203,D,2004,151,82,60,2,7,9,66,-3,9,1,2,3,10,0,0,0,no
12273,"Kyle Medvec",18,USA,USA,77,190,D,2006,102,82,31,13,22,35,44,-2,0,0,0,0,0,0,0,0,no
18033,"R.J. Anderson",18,USA,USA,72,194,D,2004,101,82,54,38,72,110,34,0,0,0,0,0,0,0,0,0,no
8474616,"Patrice Cormier",18,CAN,CAN,74,215,C,2008,54,82,51,18,23,41,84,11,9,4,5,9,10,2,50,366,yes
11655,"Cameron Cepek",18,USA,USA,74,181,D,2006,199,83,21,2,8,10,71,5,12,0,1,1,10,-8,0,0,no
12162,"Charles-Antoine Messier",19,Canada,CAN,71,165,C,2007,145,83,69,27,21,48,67,15,11,0,3,3,14,1,0,0,no
15055,"Philippe Paquet",18,Canada,CAN,75,214,D,2005,229,83,26,1,4,5,10,0,0,0,0,0,0,0,0,0,no
8471273,"Brandon Dubinsky",18,USA,USA,74,218,C,2004,60,83,71,30,48,78,137,-4,5,0,2,2,6,0,316,5507,yes
8471311,"Tyler Kennedy",18,CAN,CAN,71,185,C,2004,99,84,63,16,26,42,28,-4,0,0,0,0,0,0,266,3559,yes
8473571,"Jamie McBain",18,USA,USA,73,180,D,2006,63,84,61,11,30,41,41,0,0,0,0,0,0,0,206,4054,yes
9619,"Jaroslav Mrazek",18,"Czech Rep.",EURO,75,220,D,2004,179,85,55,3,7,10,52,5,1,0,0,0,0,0,0,0,no
10610,"Tomas Zaborsky",19,Slovakia,EURO,73,201,L,2006,137,85,51,39,23,62,22,-1,7,10,5,15,2,0,0,0,no
11524,"Mark Tobin",19,Canada,CAN,75,214,C,2004,65,85,69,22,16,38,112,6,9,4,1,5,12,-2,0,0,no
11616,"Bretton Stamler",18,Canada,CAN,73,207,D,2005,214,85,72,4,9,13,106,4,1,0,0,0,0,0,0,0,no
8474076,"John Negrin",18,CAN,CAN,74,195,D,2007,70,85,50,1,16,17,59,11,7,0,2,2,8,2,3,30,yes
8474154,"Andreas Thuresson",20,SWE,EURO,73,206,R,2007,144,85,58,12,7,19,28,0,0,0,0,0,0,0,25,250,yes
8474717,"Mark Barberio",18,CAN,CAN,73,207,D,2008,152,85,70,11,35,46,75,-3,0,0,0,0,0,0,103,1617,yes
3703,"Kim Johansson",18,Sweden,EURO,74,205,C,2006,141,86,71,6,15,21,73,-3,6,1,0,1,16,0,0,0,no
11650,"Mike Gauthier",18,Canada,CAN,75,185,D,2005,169,86,40,2,1,3,93,-10,13,0,0,0,18,-2,0,0,no
8471312,"JT Wyman",18,USA,USA,74,209,R,2004,100,86,51,39,32,71,4,0,0,0,0,0,0,0,3,13,yes
9211,"Nathan Davis",19,USA,USA,73,205,C,2005,113,87,38,14,11,25,30,0,0,0,0,0,0,0,0,0,no
19046,"Joel Champagne",18,Canada,CAN,76,218,C,2008,129,87,70,18,22,40,45,1,6,1,1,2,6,-2,0,0,no
20907,"Andrew Glass",18,USA,USA,71,185,L,2007,199,87,18,7,10,17,0,0,0,0,0,0,0,0,0,0,no
8471288,"Scott Lehman",18,CAN,CAN,73,194,D,2004,76,87,66,5,27,32,189,12,18,2,2,4,38,0,1,3,yes
17820,"Jordan Morrison",18,Canada,CAN,71,176,C,2004,222,88,66,15,30,45,52,-1,0,0,0,0,0,0,0,0,no
8471765,"Jonathan Sigalet",19,CAN,CAN,73,185,D,2005,100,88,35,3,13,16,36,0,0,0,0,0,0,0,1,15,yes
8473511,"David McIntyre",19,CAN,CAN,72,190,C,2006,138,88,46,42,50,92,143,0,11,4,8,12,42,0,7,76,yes
15066,"Paul Baier",19,USA,USA,75,212,D,2004,95,89,23,6,4,10,22,0,0,0,0,0,0,0,0,0,no
18599,"Daultan Leveille",18,Canada,CAN,72,185,C,2008,29,89,45,29,27,56,38,0,16,14,16,30,14,0,0,0,no
8474009,"Nick Bonino",19,USA,USA,73,196,C,2007,173,89,26,24,42,66,14,0,0,0,0,0,0,0,189,2684,yes
12537,"Ben Winnett",18,Canada,CAN,71,172,L,2007,104,90,39,27,30,57,58,0,0,0,0,0,0,0,0,0,no
12635,"Joe Barnes",19,Canada,CAN,75,212,C,2005,64,90,72,30,32,62,73,11,4,0,1,1,0,-2,0,0,no
8473600,"Benn Ferriero",19,USA,USA,71,195,R,2006,196,90,42,16,9,25,36,0,0,0,0,0,0,0,96,1158,yes
13480,"Mitch Carefoot",19,Canada,CAN,73,209,C,2004,237,92,31,6,1,7,14,0,0,0,0,0,0,0,0,0,no
14400,"John Lee",18,USA,USA,74,190,D,2007,131,92,53,8,40,48,118,0,9,0,3,3,4,3,0,0,no
19074,"Samuel Morneau",18,Canada,CAN,70,190,C,2008,195,92,68,23,19,42,54,16,5,0,1,1,8,0,0,0,no
8471778,"Jordan Lavallee-Smotherman",19,USA,USA,75,225,L,2005,116,92,64,40,26,66,108,28,13,5,2,7,26,0,4,36,yes
8397,"Niko Snellman",18,Finland,EURO,74,212,L,2006,105,93,32,7,12,19,126,-5,9,2,5,7,68,0,0,0,no
9221,"Tom Fritsche",19,USA,USA,71,185,L,2005,47,93,42,11,34,45,38,0,0,0,0,0,0,0,0,0,no
9481,"David Schulz",18,Canada,CAN,75,198,D,2004,254,93,76,3,14,17,83,14,5,0,0,0,2,-4,0,0,no
8473433,"Kevin Quick",18,USA,USA,72,181,D,2006,78,93,28,3,20,23,6,0,0,0,0,0,0,0,6,80,yes
8474025,"Eric Tangradi",18,USA,USA,76,221,L,2007,42,93,65,5,15,20,32,12,15,8,9,17,14,8,136,1284,yes
11492,"Jason Pitton",18,Canada,CAN,74,194,L,2004,244,94,67,9,11,20,37,-11,0,0,0,0,0,0,0,0,no
12527,"Brett Sonne",18,Canada,CAN,72,201,C,2007,85,94,71,21,9,30,65,3,18,5,1,6,22,-2,0,0,no
19054,"Ian Schultz",18,Canada,CAN,74,216,R,2008,87,94,67,15,15,30,128,10,16,2,7,9,19,5,0,0,no
8471752,"Marc-Andre Gragnani",18,CAN,CAN,75,205,D,2005,87,94,74,10,32,42,48,-16,0,0,0,0,0,0,73,1149,yes
9343,"Hugo Carpentier",18,Canada,CAN,74,201,C,2006,118,95,77,31,39,70,68,16,5,1,2,3,4,-3,0,0,no
14877,"Billy Ryan",19,USA,USA,73,174,C,2004,80,95,37,35,55,90,40,0,0,0,0,0,0,0,0,0,no
15058,"Joe Stejskal",19,USA,USA,75,207,D,2007,133,95,0,14,20,34,0,0,0,0,0,0,0,0,0,0,no
19045,"Mathieu Brodeur",18,Canada,CAN,78,216,D,2008,76,95,69,1,6,7,27,-1,11,0,0,0,6,-2,0,0,no
8471729,"Kris Russell",18,CAN,CAN,70,170,D,2005,67,95,72,26,35,61,37,29,10,2,1,3,4,0,331,5569,yes
8471811,"Cal O'Reilly",19,CAN,CAN,72,193,C,2005,150,96,68,24,50,74,16,9,11,4,5,9,4,-1,113,1624,yes
8473616,"Jonathan Rheault",20,USA,USA,70,202,R,2006,145,96,35,16,14,30,29,0,0,0,0,0,0,0,5,53,yes
8474098,"Colton Sceviour",18,CAN,CAN,72,195,C,2007,112,96,49,12,26,38,38,-17,0,0,0,0,0,0,28,397,yes
12535,"Travis Erstad",19,USA,USA,75,181,R,2007,100,97,28,22,0,0,4,-7,3,1,0,1,0,-3,0,0,no
19075,"Harry Young",19,Canada,CAN,76,216,D,2008,202,97,68,2,12,14,155,13,5,0,1,1,8,-4,0,0,no
8471338,"Torrey Mitchell",19,CAN,CAN,71,190,C,2004,126,97,25,25,37,62,42,0,0,0,0,0,0,0,204,2692,yes
9411,"Kyle Klubertanz",19,USA,USA,72,181,D,2004,74,98,57,6,21,27,124,10,0,0,0,0,0,0,0,0,no
11662,"Jordan Knackstedt",19,Canada,CAN,75,201,R,2007,189,98,72,23,33,56,98,19,0,0,0,0,0,0,0,0,no
12428,"Josh Beaulieu",18,Canada,CAN,73,181,L,2005,152,98,65,9,13,22,159,32,13,2,3,5,13,4,0,0,no
12176,"Blake Kessel",18,USA,USA,74,209,D,2007,166,99,59,11,27,38,38,12,9,1,5,6,8,0,0,0,no
19376,"Martin Nolet",20,Canada,CAN,75,205,D,2006,144,100,19,5,7,12,26,20,0,0,0,0,0,0,0,0,no
8471476,"Daniel Winnik",19,CAN,CAN,74,206,L,2004,265,100,38,4,10,14,12,0,0,0,0,0,0,0,282,4049,yes
8474008,"Paul Carey",19,USA,USA,73,198,C,2007,135,100,24,16,11,27,16,0,0,0,0,0,0,0,12,77,yes
11234,"Trevor Koverko",18,Canada,CAN,72,205,D,2005,147,101,66,1,12,13,83,17,8,0,2,2,2,1,0,0,no
8474030,"Aaron Palushaj",18,USA,USA,72,187,R,2007,44,101,56,22,45,67,62,5,8,6,5,11,6,1,68,615,yes
19060,"Justin Daniels",19,USA,USA,73,176,C,2008,62,102,25,17,37,54,10,0,0,0,0,0,0,0,0,0,no
8471324,"Liam Reddox",18,CAN,CAN,71,178,L,2004,112,102,75,37,34,71,30,-7,0,0,0,0,0,0,100,1259,yes
8474056,"P.K. Subban",18,CAN,CAN,72,210,D,2007,43,102,68,15,41,56,89,13,15,5,8,13,26,11,284,6716,yes
15049,"Max Campbell",19,Canada,CAN,72,187,C,2007,138,103,46,46,49,95,84,0,18,11,9,20,4,0,0,0,no
8471426,"Troy Brouwer",19,CAN,CAN,75,215,R,2004,214,103,72,23,26,49,111,15,10,3,0,3,12,0,238,3633,yes
8471719,"Matt Kassian",19,CAN,CAN,76,240,L,2005,57,103,69,3,3,6,172,-11,6,1,2,3,14,0,28,155,yes
8474660,"David Warsofsky",18,USA,USA,69,170,D,2008,95,103,63,9,38,47,42,10,0,0,0,0,0,0,10,168,yes
4223,"Miikka Tuomainen",18,Finland,EURO,75,225,L,2004,204,104,47,12,9,21,10,-2,0,0,0,0,0,0,0,0,no
14182,"Jim Mckenzie",20,USA,USA,73,209,R,2004,141,104,59,26,38,64,168,13,0,0,0,0,0,0,0,0,no
8471816,"Mark Fayne",18,USA,USA,75,212,D,2005,155,104,24,1,17,18,16,0,0,0,0,0,0,0,139,2672,yes
8474100,"Dwight King",18,CAN,CAN,76,229,L,2007,109,104,100,17,36,53,141,10,0,0,0,0,0,0,157,2222,yes
11467,"C.J. Severyn",18,USA,USA,73,185,L,2007,186,105,55,8,11,19,54,3,0,0,0,0,0,0,0,0,no
8471371,"Mike Brown",19,USA,USA,71,205,R,2004,159,106,42,8,5,13,51,0,0,0,0,0,0,0,192,1640,yes
8471810,"Derek Joslin",18,CAN,CAN,73,210,D,2005,149,106,68,6,24,30,44,26,21,0,3,3,24,-3,114,1454,yes
8474683,"Derek Grant",18,CAN,CAN,75,212,C,2008,119,106,57,24,39,63,44,0,12,5,5,10,15,0,25,234,yes
17817,"Ned Lukacevic",18,Canada,CAN,72,203,C,2004,110,107,72,19,14,33,65,-7,4,1,1,2,2,-2,0,0,no
8471408,"Petri Kontiola",20,FIN,EURO,72,204,C,2004,196,107,64,9,23,32,43,0,13,5,5,10,10,0,12,175,yes
8473994,"Jamie Benn",18,CAN,CAN,74,210,L,2007,129,107,53,42,23,65,78,0,11,5,4,9,12,0,344,6097,yes
19058,"Matt Tassone",19,Canada,CAN,74,209,C,2008,176,108,60,19,17,36,111,16,12,3,5,8,12,5,0,0,no
8471862,"Colin Greening",19,CAN,CAN,74,210,C,2005,204,108,35,24,22,46,24,0,0,0,0,0,0,0,106,1640,yes
8474048,"Keith Aulie",18,CAN,CAN,78,222,D,2007,116,108,66,1,8,9,82,3,11,0,2,2,14,0,136,1973,yes
14518,"Matt Christie",19,Canada,CAN,70,185,C,2004,236,109,41,21,14,35,22,4,0,0,0,0,0,0,0,0,no
15843,"Chris Auger",19,Canada,CAN,70,170,C,2006,169,109,47,41,51,92,46,0,12,8,14,22,2,0,0,0,no
18600,"Nick Larson",18,USA,USA,72,190,C,2007,185,109,10,34,32,66,6,3,0,0,0,0,0,0,0,0,no
13837,"Mickey Renaud",19,Canada,CAN,74,216,C,2007,143,110,68,22,32,54,76,-27,0,0,0,0,0,0,0,0,no
15065,"Doug Rogers",18,USA,USA,73,196,D,2006,119,110,2,0,1,1,2,0,0,0,0,0,0,0,0,0,no
12251,"Andrei Plekhanov",18,Russia,EURO,74,201,D,2004,96,111,0,0,0,0,0,0,0,0,0,0,0,0,0,0,no
8470886,"Clayton Stoner",19,CAN,CAN,76,216,D,2004,79,111,71,7,24,31,109,21,11,1,1,2,8,0,65,1066,yes
11351,"Gino Pisellini",18,USA,USA,72,209,R,2004,149,112,68,15,15,30,214,4,9,0,3,3,23,-1,0,0,no
8473542,"Tom Sestito",19,USA,USA,77,228,L,2006,85,112,57,10,10,20,176,0,13,5,2,7,29,0,57,397,yes
3679,"Alexander Hellstrom",19,Sweden,EURO,75,214,D,2006,184,113,54,2,4,6,81,3,6,0,3,3,4,0,0,0,no
9335,"Stefan Chaput",18,Canada,CAN,72,192,C,2006,153,113,76,19,30,49,46,12,6,0,1,1,4,-2,0,0,no
19066,"Drew Daniels",19,USA,USA,74,192,D,2008,194,113,25,12,36,47,14,0,0,0,0,0,0,0,0,0,no
8471396,"Derek Peltier",19,USA,USA,71,190,D,2004,184,113,55,7,26,33,34,0,4,0,0,0,4,-4,14,173,yes
11671,"Kris Hogg",18,Canada,CAN,71,179,L,2004,121,114,72,24,14,38,79,23,5,0,1,1,6,0,0,0,no
15705,"Josh Brittain",18,Canada,CAN,77,227,L,2008,71,114,75,28,24,52,110,-13,0,0,0,0,0,0,0,0,no
8471829,"Justin Mercier",18,USA,USA,71,190,C,2005,168,114,48,5,11,16,93,0,0,0,0,0,0,0,9,65,yes
8474130,"Corey Tropp",18,USA,USA,72,185,R,2007,89,114,54,26,36,62,76,-3,8,4,9,13,0,3,87,816,yes
12283,"Cody Wild",19,USA,USA,73,183,D,2006,140,115,36,6,15,21,24,4,0,0,0,0,0,0,0,0,no
8474192,"Matt Frattin",19,CAN,CAN,72,205,R,2007,99,115,58,49,34,83,75,0,15,5,6,11,10,0,126,1610,yes
14382,"Ben Blood",18,USA,USA,76,227,D,2007,120,116,63,11,25,36,144,0,0,0,0,0,0,0,0,0,no
17501,"Robbie Czarnik",18,USA,USA,72,190,C,2008,63,116,64,22,25,47,52,12,0,0,0,0,0,0,0,0,no
12384,"Shea Guthrie",18,Canada,CAN,72,198,R,2005,76,117,20,26,24,50,0,0,0,0,0,0,0,0,0,0,no
13812,"Brett Leffler",18,Canada,CAN,72,198,R,2007,125,117,69,13,13,26,114,5,10,2,0,2,14,-5,0,0,no
15519,"Max Nicastro",18,USA,USA,74,190,D,2008,91,117,58,6,14,20,78,7,7,1,2,3,12,2,0,0,no
41104,"John Carter",18,USA,USA,76,192,C,2004,291,117,29,16,30,46,52,0,0,0,0,0,0,0,0,0,no
8473444,"Jon Matsumoto",20,CAN,CAN,72,185,C,2006,79,117,36,20,28,48,43,0,0,0,0,0,0,0,14,97,yes
14431,"Nathan Moon",18,Canada,CAN,71,194,R,2008,120,118,68,35,42,77,79,-25,0,0,0,0,0,0,0,0,no
18030,"Nick Fugere",19,Canada,CAN,74,229,L,2004,107,118,54,10,13,23,121,5,15,3,4,7,11,4,0,0,no
11600,"T.J. Fast",18,Canada,CAN,72,185,D,2005,60,119,58,8,28,36,40,0,0,0,0,0,0,0,0,0,no
15063,"Dave Macdonald",19,Canada,CAN,75,214,D,2004,225,119,0,0,0,0,0,0,0,0,0,0,0,0,0,0,no
8474605,"Patrick Wiercioch",18,CAN,CAN,77,202,D,2008,42,119,40,3,18,21,24,12,14,2,9,11,22,1,159,2648,yes
11418,"Darin Olver",19,Germany,EURO,71,183,C,2004,36,120,41,13,21,34,26,-3,0,0,0,0,0,0,0,0,no
12529,"Louie Caporusso",18,Canada,CAN,69,185,C,2007,90,121,37,23,27,50,45,0,20,14,19,33,14,0,0,0,no
11465,"Vinny Saponari",18,USA,USA,72,196,R,2008,94,122,65,13,29,42,82,14,0,0,0,0,0,0,0,0,no
8474012,"John Albert",18,USA,USA,71,190,C,2007,175,122,63,13,27,40,16,0,0,0,0,0,0,0,9,46,yes
8471664,"Mason Raymond",20,CAN,CAN,73,179,L,2005,51,123,55,41,41,82,80,0,15,8,12,20,0,0,328,4981,yes
10459,"Sean Zimmerman",18,USA,USA,74,201,D,2005,170,124,71,2,14,16,36,4,0,0,0,0,0,0,0,0,no
11639,"Jared Walker",18,Canada,CAN,75,192,L,2004,223,124,67,11,8,19,34,-5,19,1,2,3,18,-6,0,0,no
12516,"Drew Schiestel",18,Canada,CAN,73,198,D,2007,59,124,66,6,15,21,40,13,5,0,6,6,2,3,0,0,no
19177,"Jean-Sebastien Berube",18,Canada,CAN,76,209,L,2008,205,124,64,12,12,24,118,18,17,1,3,4,16,0,0,0,no
8473432,"Derek Dorsett",20,CAN,CAN,72,192,R,2006,189,125,68,25,23,48,279,14,13,8,4,12,53,0,280,3535,yes
4130,"Pasi Salonen",19,Finland,EURO,71,194,L,2004,138,126,36,12,10,22,60,5,9,4,4,8,8,8,0,0,no
12389,"Andrew Kozek",19,Canada,CAN,71,194,L,2005,53,126,60,48,49,97,81,0,26,19,10,29,49,0,0,0,no
14876,"Matt Duffy",19,USA,USA,74,187,D,2005,104,127,54,19,26,45,147,0,0,0,0,0,0,0,0,0,no
15531,"Steve Quailer",19,USA,USA,76,209,R,2008,86,127,60,19,30,49,55,16,4,1,2,3,4,2,0,0,no
8471386,"Scott Parse",20,USA,USA,71,189,L,2004,174,127,39,16,19,35,52,0,0,0,0,0,0,0,64,689,yes
13482,"Kevin Schaeffer",20,USA,USA,73,201,D,2004,193,129,38,5,12,17,20,7,0,0,0,0,0,0,0,0,no
14862,"Zach Bearson",18,USA,USA,74,185,R,2005,224,129,51,18,18,36,56,4,5,0,1,1,2,-2,0,0,no
17843,"Randy Cameron",18,Canada,CAN,71,194,C,2007,148,129,70,17,22,39,44,-21,7,1,1,2,0,0,0,0,no
9344,"Logan Pyett",18,Canada,CAN,70,198,D,2006,212,130,78,11,38,49,99,-16,6,1,6,7,12,2,0,0,no
12562,"Taylor Matson",19,USA,USA,71,187,C,2007,176,130,23,1,2,39,6,-3,6,0,1,1,10,-3,0,0,no
15041,"Brian Gifford",19,USA,USA,74,187,C,2004,85,130,26,19,37,56,26,0,0,0,0,0,0,0,0,0,no
11327,"Nick Tuzzolino",19,USA,USA,78,225,D,2005,196,131,67,2,20,22,128,-30,0,0,0,0,0,0,0,0,no
9273,"Constantin Braun",18,Germany,EURO,75,196,D,2006,164,132,33,15,13,28,36,-3,1,1,0,1,6,0,0,0,no
12026,"Justin Keller",18,Canada,CAN,71,192,L,2004,245,132,72,25,21,46,44,16,17,4,5,9,18,5,0,0,no
15054,"Tyrell Mason",19,Canada,CAN,74,181,D,2005,180,132,51,6,36,42,78,0,0,0,0,0,0,0,0,0,no
15309,"Brian Day",18,USA,USA,72,194,R,2006,171,132,28,9,13,22,34,0,0,0,0,0,0,0,0,0,no
18120,"Scott Winkler",18,Norway,EURO,75,212,R,2008,89,132,75,42,57,99,40,6,0,0,0,0,0,0,0,0,no
8471411,"Chad Kolarik",18,USA,USA,71,178,C,2004,199,135,51,19,23,42,18,0,0,0,0,0,0,0,6,49,yes
4575,"Viktor Gibbs Sjodin",18,Sweden,EURO,72,225,R,2006,206,136,52,16,9,25,95,-1,0,0,0,0,0,0,0,0,no
9349,"Levi Nelson",18,Canada,CAN,71,185,C,2006,158,136,70,21,17,38,73,-16,4,0,0,0,4,-2,0,0,no
14874,"Craig Switzer",20,Canada,CAN,73,201,D,2004,275,136,57,14,40,54,117,0,14,0,12,12,16,0,0,0,no
8471746,"Phil Oreskovic",18,CAN,CAN,76,217,D,2005,82,136,61,1,6,7,147,12,6,0,0,0,4,-4,10,162,yes
9497,"Jean-Michel Rizk",18,Canada,CAN,73,194,R,2004,195,137,75,12,19,31,89,-20,0,0,0,0,0,0,0,0,no
8471821,"Matt Watkins",19,CAN,CAN,70,181,R,2005,160,137,60,36,38,74,53,0,0,0,0,0,0,0,1,7,yes
8474138,"Dustin Jeffrey",19,CAN,CAN,73,205,L,2007,171,137,68,34,58,92,40,7,13,6,12,18,11,1,124,1400,yes
10496,"Pavel Valentenko",19,Russia,EURO,74,234,D,2006,139,138,60,11,20,31,197,0,0,0,0,0,0,0,0,0,no
8471450,"Brandon Yip",19,CAN,CAN,73,198,R,2004,239,138,56,31,38,69,87,0,4,1,2,3,14,0,103,1444,yes
8471733,"Rich Clune",18,CAN,CAN,70,207,L,2005,71,138,74,23,15,38,115,1,0,0,0,0,0,0,14,102,yes
51401,"Justin Vienneau",18,Canada,CAN,76,216,D,2004,198,139,53,0,7,7,129,4,11,0,1,1,19,7,0,0,no
11413,"Nick Sucharski",19,Canada,CAN,73,176,L,2006,136,140,36,2,5,7,18,-2,0,0,0,0,0,0,0,0,no
11594,"J.D. Watt",18,Canada,CAN,74,214,R,2005,111,141,66,6,7,13,213,-16,6,0,1,1,12,-4,0,0,no
12512,"Josh Godfrey",19,Canada,CAN,74,205,D,2007,34,141,68,24,33,57,80,-2,13,9,5,14,18,-3,0,0,no
19063,"Mark Goggin",18,USA,USA,71,185,C,2008,197,142,26,16,22,38,12,-3,0,0,0,0,0,0,0,0,no
8471274,"Alex Goligoski",19,USA,USA,71,185,D,2004,61,143,36,25,33,58,22,-5,0,0,0,0,0,0,200,4189,yes
2034,"Anton Axelsson",18,Sweden,EURO,72,207,L,2004,192,144,35,7,11,18,32,0,10,2,3,5,2,0,0,0,no
12468,"Tony Romano",18,USA,USA,70,185,R,2006,178,144,40,50,52,102,38,0,0,0,0,0,0,0,0,0,no
14857,"Tim Crowder",19,Canada,CAN,74,194,R,2005,126,144,56,23,27,50,30,0,24,4,16,20,30,0,0,0,no
8474716,"Jared Spurgeon",19,CAN,CAN,69,164,D,2008,156,144,69,12,31,43,19,36,25,0,6,6,16,7,295,6159,yes
12522,"Jason Gregoire",18,Canada,CAN,71,190,L,2007,76,145,32,16,20,36,10,28,4,4,0,4,2,-4,0,0,no
14389,"Danny Hobbs",18,Canada,CAN,71,192,C,2007,198,147,60,10,11,21,36,-28,4,0,2,2,2,-2,0,0,no
11444,"Tyler Ruegsegger",18,USA,USA,71,192,C,2006,166,148,60,38,51,89,70,0,0,0,0,0,0,0,0,0,no
12556,"Simon Lacroix",18,Canada,CAN,73,172,D,2007,196,148,60,11,27,38,66,-11,4,0,2,2,6,0,0,0,no
14390,"Andrew Conboy",19,USA,USA,75,190,L,2007,142,149,56,25,25,50,105,17,0,0,0,0,0,0,0,0,no
8474679,"Gustav Nyquist",19,SWE,EURO,71,184,R,2008,121,149,24,11,20,31,20,0,7,5,5,10,6,0,179,2803,yes
11326,"Trevor Kell",18,Canada,CAN,72,183,R,2004,131,150,62,9,14,23,48,15,15,7,8,15,14,15,0,0,no
18006,"Pat Brosnihan",19,USA,USA,76,220,R,2005,212,150,38,27,20,47,44,0,0,0,0,0,0,0,0,0,no
8471436,"Matt Hunwick",19,USA,USA,71,200,D,2004,224,151,47,1,14,15,62,0,0,0,0,0,0,0,215,3753,yes
9427,"Matt Auffrey",18,USA,USA,74,203,R,2004,172,152,16,3,5,8,16,1,0,0,0,0,0,0,0,0,no
11674,"Kyle Bailey",19,Canada,CAN,74,192,C,2005,110,152,67,11,22,33,116,1,7,0,2,2,11,0,0,0,no
12274,"T.J. Miller",20,USA,USA,76,209,D,2006,107,152,60,16,32,48,73,0,0,0,0,0,0,0,0,0,no
11309,"Bobby Bolt",18,Canada,CAN,76,218,L,2005,127,153,67,11,14,25,92,-2,0,0,0,0,0,0,0,0,no
13667,"Michael Neal",18,Canada,CAN,74,187,L,2007,149,153,52,4,4,8,25,-6,15,0,1,1,6,-1,0,0,no
15034,"Michael Ward",18,Canada,CAN,74,181,D,2007,197,156,58,0,7,7,39,7,11,0,1,1,16,1,0,0,no
18004,"Myles Rumsey",19,Canada,CAN,74,203,D,2005,221,156,57,2,4,6,102,-14,0,0,0,0,0,0,0,0,no
8471390,"Mike Santorelli",19,CAN,CAN,72,189,C,2004,178,157,60,43,53,96,26,0,5,0,2,2,0,0,114,1728,yes
8471846,"Kris Fredheim",18,CAN,CAN,74,170,D,2005,185,157,50,2,15,17,28,0,0,0,0,0,0,0,3,36,yes
8471768,"Tom Pyatt",18,CAN,CAN,71,185,L,2005,107,159,63,20,33,53,16,-5,0,0,0,0,0,0,175,2186,yes
11103,"Ondrej Roman",18,"Czech Rep.",EURO,71,185,C,2007,136,160,86,9,57,66,44,2,6,1,4,5,0,0,0,0,no
8471804,"Nathan Gerbe",18,USA,USA,64,176,C,2005,142,160,44,17,20,37,87,0,0,0,0,0,0,0,146,2014,yes
11320,"Devin Didiomete",18,Canada,CAN,71,205,L,2006,187,161,60,15,21,36,202,0,10,0,4,4,26,-1,0,0,no
15042,"Matthew Glasser",18,Canada,CAN,70,190,L,2005,220,161,62,25,24,49,14,0,0,0,0,0,0,0,0,0,no
19048,"Samuel Groulx",18,Canada,CAN,74,194,D,2008,92,161,70,5,20,25,100,5,11,0,3,3,14,0,0,0,no
8471388,"Patrick Kaleta",18,USA,USA,73,198,R,2004,176,161,67,14,14,28,124,-6,0,0,0,0,0,0,204,1833,yes
8471842,"Tim Kennedy",19,USA,USA,70,175,L,2005,181,162,54,30,31,61,112,26,13,6,11,17,18,5,112,1384,yes
8474688,"Greg Pateryn",18,USA,USA,75,221,D,2008,128,162,60,3,24,27,145,-1,0,0,0,0,0,0,20,244,yes
12166,"Jean-Claude Sawyer",18,Canada,CAN,75,194,D,2004,161,163,56,5,13,18,48,14,2,0,0,0,2,-2,0,0,no
15452,"Jordan Fulton",19,USA,USA,72,194,L,2006,179,163,28,45,36,81,76,0,0,0,0,0,0,0,0,0,no
3415,"Johan Alcen",19,Sweden,EURO,74,194,L,2007,195,164,68,19,33,52,62,14,5,1,1,2,0,0,0,0,no
8474094,"Matt Halischuk",19,CAN,CAN,72,180,R,2007,117,164,67,33,33,66,20,11,9,4,1,5,10,0,203,2281,yes
8474673,"TJ Brodie",18,CAN,CAN,73,182,D,2008,114,164,68,4,26,30,73,0,4,0,3,3,2,0,266,5876,yes
12459,"Joe Lavin",18,USA,USA,73,196,D,2007,126,165,41,2,8,10,40,0,6,0,2,2,4,0,0,0,no
11694,"Moises Gutierrez",18,USA,USA,76,227,R,2004,164,166,71,7,12,19,107,3,5,1,0,1,6,1,0,0,no
11464,"Matt Rust",18,USA,USA,69,194,C,2007,101,167,55,14,19,33,83,3,0,0,0,0,0,0,0,0,no
12429,"Ryan Mcginnis",18,USA,USA,73,196,D,2005,184,168,66,0,6,6,93,1,4,0,1,1,2,0,0,0,no
11646,"John Flatters",18,Canada,CAN,73,174,D,2005,174,170,53,0,2,2,117,-13,7,0,0,0,2,-2,0,0,no
13783,"Joel Chouinard",18,Canada,CAN,73,187,D,2008,167,171,69,7,28,35,95,-13,6,2,0,2,4,-4,0,0,no
17616,"Matt Mcilvane",19,USA,USA,72,207,C,2004,251,171,59,22,24,46,53,6,3,1,2,3,0,1,0,0,no
8471331,"Kevin Porter",18,USA,USA,71,191,C,2004,119,172,55,8,29,37,30,0,0,0,0,0,0,0,128,1726,yes
19159,"Greg Burke",18,USA,USA,75,205,L,2008,174,175,40,21,25,46,46,0,0,0,0,0,0,0,0,0,no
8474052,"Chris Terry",18,CAN,CAN,70,195,L,2007,132,175,68,22,44,66,98,18,20,8,10,18,21,8,13,150,yes
8474661,"Michal Jordan",18,CZE,EURO,73,195,D,2008,105,176,66,6,27,33,50,2,4,0,3,3,6,-9,43,658,yes
18020,"Travis Gawryletz",19,Canada,CAN,74,201,D,2004,253,177,51,9,21,30,51,0,10,1,3,4,6,0,0,0,no
12540,"Justin Courtnall",18,Canada,CAN,75,185,L,2007,210,181,58,5,9,14,83,0,12,0,2,2,19,0,0,0,no
41102,"Steve Mcclellan",19,USA,USA,73,185,D,2004,281,181,0,0,0,0,0,0,0,0,0,0,0,0,0,0,no
8471885,"Chad Rau",18,USA,USA,71,198,C,2005,228,181,63,32,40,72,32,-10,0,0,0,0,0,0,9,98,yes
8474061,"Anthony Peluso",18,CAN,CAN,75,235,R,2007,160,183,52,7,3,10,176,-33,0,0,0,0,0,0,58,331,yes
11430,"Brock Bradford",18,Canada,CAN,69,168,C,2005,217,184,60,24,33,57,16,10,5,0,1,1,0,-2,0,0,no
11468,"Justin Vaive",18,USA,USA,76,209,L,2007,92,184,56,11,9,20,71,1,0,0,0,0,0,0,0,0,no
8474727,"Ben Smith",20,USA,USA,71,198,R,2008,169,184,44,25,25,50,12,0,0,0,0,0,0,0,175,2227,yes
12259,"Matt Marquardt",19,Canada,CAN,74,223,L,2006,194,186,68,16,9,25,69,-4,20,5,3,8,12,0,0,0,no
19061,"Stephen Johnston",18,Canada,CAN,73,174,L,2008,181,186,56,2,7,9,12,0,21,5,2,7,6,3,0,0,no
8471766,"Jared Boll",19,USA,USA,75,209,R,2005,101,187,59,23,24,47,294,0,4,1,3,4,25,-5,345,2754,yes
9380,"Kyle Lawson",18,USA,USA,71,207,D,2005,198,188,60,7,25,32,8,3,0,0,0,0,0,0,0,0,no
14859,"Trevor Ludwig",19,USA,USA,73,209,D,2004,183,188,54,5,27,32,93,0,0,0,0,0,0,0,0,0,no
18885,"Joe Gleason",18,USA,USA,69,181,D,2008,192,188,18,6,26,32,14,0,0,0,0,0,0,0,0,0,no
17509,"David Wohlberg",18,USA,USA,73,192,C,2008,172,189,66,22,12,34,91,14,0,0,0,0,0,0,0,0,no
8474029,"Cade Fairchild",18,USA,USA,71,190,D,2007,96,189,56,5,28,33,60,0,0,0,0,0,0,0,5,48,yes
12559,"Alain Goulet",19,Canada,CAN,75,194,D,2007,159,190,43,10,32,42,34,0,25,5,16,21,32,0,0,0,no
12258,"Kyell Henegan",19,Canada,CAN,75,205,D,2006,208,192,68,3,4,7,200,11,10,0,1,1,38,0,0,0,no
8471409,"Andrew Gordon",19,CAN,CAN,72,194,R,2004,197,194,55,20,44,64,12,0,0,0,0,0,0,0,12,98,yes
11634,"Jason Lynch",18,Canada,CAN,76,214,D,2005,166,195,67,1,4,5,78,-13,0,0,0,0,0,0,0,0,no
14564,"Joe Cooper",19,Canada,CAN,72,201,R,2004,219,195,34,1,0,1,66,-6,0,0,0,0,0,0,0,0,no
15451,"Matt Generous",20,USA,USA,75,194,D,2005,208,196,49,8,16,24,105,0,0,0,0,0,0,0,0,0,no
8474005,"Alex Grant",18,CAN,CAN,76,205,D,2007,118,196,74,12,20,32,108,-32,0,0,0,0,0,0,2,24,yes
8471429,"Tyler Eckford",19,CAN,CAN,73,225,D,2004,217,199,58,7,30,37,101,0,13,2,8,10,34,0,7,57,yes
15313,"Greg Beller",18,Canada,CAN,74,205,L,2005,178,201,27,25,30,55,38,0,2,1,0,1,2,0,0,0,no
8473618,"Mathieu Perreault",18,CAN,CAN,70,188,C,2006,177,202,62,18,34,52,42,20,17,10,11,21,8,3,159,1877,yes
8474631,"Marc-Andre Bourdon",19,CAN,CAN,72,206,D,2008,67,202,69,12,47,59,114,39,17,2,16,18,25,10,45,728,yes
12281,"David Meckler",19,USA,USA,72,183,C,2006,134,205,31,7,3,10,28,-12,0,0,0,0,0,0,0,0,no
17842,"Joshua Turnbull",19,USA,USA,70,172,C,2007,137,207,60,25,29,54,66,18,9,3,1,4,12,0,0,0,no
18012,"Alex Berry",19,USA,USA,74,218,R,2005,153,208,53,17,25,42,170,0,0,0,0,0,0,0,0,0,no
8474034,"Patrick Maroon",19,USA,USA,75,227,L,2007,161,208,57,40,55,95,152,0,12,10,13,23,12,0,77,915,yes
8474027,"Justin Braun",20,USA,USA,74,205,D,2007,201,209,39,4,10,14,20,0,0,0,0,0,0,0,217,4045,yes
11237,"Ryan Pottruff",18,Canada,CAN,72,225,D,2004,202,211,51,3,5,8,48,9,15,0,0,0,6,0,0,0,no
3856,"Daniel Rahimi",19,Sweden,EURO,75,216,D,2006,82,214,51,4,11,15,100,0,6,3,2,5,37,0,0,0,no
10613,"Felix Schutz",19,Germany,EURO,71,196,C,2006,117,220,86,26,44,70,75,-7,0,0,0,0,0,0,0,0,no
18003,"John Wessbecker",19,USA,USA,74,194,D,2005,225,221,28,6,16,22,38,0,0,0,0,0,0,0,0,0,no
8473611,"Shane Sims",18,USA,USA,73,195,D,2006,126,221,59,10,12,22,80,5,11,2,0,2,12,9,1,7,yes
10657,"Maxime Lacroix",19,France,EURO,72,194,C,2006,127,222,70,25,22,47,79,29,23,7,5,12,21,9,0,0,no
19377,"Maxime Frechette",18,Canada,CAN,77,214,D,2006,142,223,13,0,0,0,24,-2,0,0,0,0,0,0,0,0,no
10637,"Ashton Rome",21,Canada,CAN,73,203,R,2006,143,224,65,30,34,64,130,5,0,0,0,0,0,0,0,0,no
15596,"Olivier Legault",19,Canada,CAN,77,238,L,2005,93,224,55,1,3,4,131,-2,7,0,0,0,8,0,0,0,no
8471372,"Ben Walter",20,CAN,CAN,73,190,C,2004,160,226,36,18,16,34,18,0,0,0,0,0,0,0,24,201,yes
8471508,"Olivier Magnan",20,CAN,CAN,74,210,D,2006,148,226,69,14,27,41,97,10,5,0,1,1,6,-2,18,283,yes
8418,"Peter Aston",20,Canada,CAN,73,205,D,2006,155,227,65,16,36,52,31,16,7,2,1,3,2,-5,0,0,no
15047,"Andrew Sarauer",20,Hungary,EURO,76,205,C,2004,125,227,57,43,32,75,71,0,0,0,0,0,0,0,0,0,no
8471817,"Ryan Reaves",18,CAN,CAN,73,225,R,2005,156,228,64,7,9,16,79,-5,23,2,4,6,43,0,88,581,yes
16666,"Alexandre Dulac-Lemelin",18,Canada,CAN,76,194,D,2004,278,231,67,2,11,13,35,-17,3,0,0,0,0,-4,0,0,no
11696,"Dane Crowley",19,Canada,CAN,74,209,D,2006,168,232,71,1,20,21,149,-15,4,0,2,2,23,-5,0,0,no
8473584,"Andrew MacDonald",20,CAN,CAN,73,204,D,2006,160,234,68,6,40,46,62,22,26,2,12,14,12,9,232,5241,yes
9492,"Eric Hunter",20,Canada,CAN,73,194,C,2006,174,235,71,40,32,72,125,11,5,3,1,4,10,0,0,0,no
8471868,"Ryan Russell",18,CAN,CAN,70,178,L,2005,211,238,66,32,21,53,18,27,16,6,7,13,12,0,41,478,yes
11670,"Gord Baldwin",18,Canada,CAN,77,198,D,2005,69,241,66,3,8,11,73,13,13,2,2,4,8,2,0,0,no
9357,"Adam Hobson",18,Canada,CAN,73,220,C,2005,203,242,78,11,29,40,51,-5,0,0,0,0,0,0,0,0,no
8471840,"Brett Sutter",18,CAN,CAN,72,200,L,2005,179,249,70,8,11,19,70,0,16,1,2,3,16,0,34,288,yes
