rank,age,nationality,name,NHL/NextYear,NHL/Ever,pos,GP,G,A,P,PIM,plusMinus,PPG,SHG,GWG,GGP,AGP,PGP
1,19,CA,Connor Brown,0,1,F,68,45,83,128,22,44,20,4,6,0.662,1.221,1.882
2,20,CA,Dane Fox,0,0,F,67,64,43,107,122,46,18,1,11,0.955,0.642,1.597
3,19,CA,Scott Kosmachuk,0,1,F,68,49,52,101,83,52,9,1,6,0.721,0.765,1.485
4,16,CA,Connor McDavid,0,1,F,56,28,71,99,20,47,7,2,4,0.5,1.268,1.768
5,19,CA,Andreas Athanasiou,0,1,F,66,49,46,95,52,24,11,4,8,0.742,0.697,1.439
6,17,CA,Michael Dal Colle,0,1,F,67,39,56,95,34,8,16,0,8,0.582,0.836,1.418
7,18,RU,Nikolai Goldobin,0,1,F,67,38,56,94,21,-30,10,0,2,0.567,0.836,1.403
8,18,CA,Max Domi,0,1,F,61,34,59,93,90,24,11,3,6,0.557,0.967,1.525
9,17,CA,Sam Bennett,1,1,F,57,36,55,91,118,34,10,1,3,0.632,0.965,1.596
10,18,RU,Sergei Tolchinsky,0,1,F,66,31,60,91,22,-9,13,0,4,0.47,0.909,1.379
11,19,CA,Kerby Rychel,1,1,F,58,34,56,90,43,41,10,0,5,0.586,0.966,1.552
12,18,CA,Nicholas Baptiste,0,1,F,65,45,44,89,59,20,12,3,4,0.692,0.677,1.369
13,19,CA,Chris Tierney,1,1,F,67,40,49,89,12,44,7,4,6,0.597,0.731,1.328
14,17,CA,Robby Fabbri,0,1,F,58,45,42,87,55,45,14,0,11,0.776,0.724,1.5
15,18,SE,Andre Burakovsky,1,1,F,57,41,46,87,35,46,15,0,10,0.719,0.807,1.526
16,19,CA,Scott Laughton,1,1,F,54,40,47,87,72,12,13,5,7,0.741,0.87,1.611
17,19,CA,Brock McGinn,0,1,F,58,43,42,85,45,46,12,2,4,0.741,0.724,1.466
18,17,CA,Joshua Ho-Sang,0,0,F,67,32,53,85,44,26,8,1,3,0.478,0.791,1.269
19,19,US,Brady Vail,0,0,F,67,32,51,83,39,29,3,2,5,0.478,0.761,1.239
20,20,CA,Zack Mitchell,0,1,F,67,31,52,83,40,52,9,3,7,0.463,0.776,1.239
21,18,CA,Carter Verhaeghe,0,0,F,65,28,54,82,60,-19,13,0,0,0.431,0.831,1.262
22,18,CA,Jason Dickinson,0,1,F,68,26,52,78,42,42,9,0,4,0.382,0.765,1.147
23,20,CA,Kristoff Kontos,0,0,F,68,25,51,76,14,1,7,3,4,0.368,0.75,1.118
24,19,CA,Gemel Smith,0,1,F,69,37,38,75,47,-1,15,2,3,0.536,0.551,1.087
25,19,CA,Nathan Pancel,0,0,F,63,42,32,74,38,17,14,1,8,0.667,0.508,1.175
26,18,CA,Nick Ritchie,0,1,F,61,39,35,74,136,4,11,1,5,0.639,0.574,1.213
27,18,CA,Bo Horvat,1,1,F,54,30,44,74,36,20,9,1,3,0.556,0.815,1.37
28,19,CA,Mathew Campagna,0,0,F,68,15,59,74,38,20,4,0,1,0.221,0.868,1.088
29,18,CA,Cole Cassels,0,0,F,61,24,49,73,90,7,11,1,5,0.393,0.803,1.197
30,19,CA,Ryan Rupert,0,0,F,68,21,52,73,54,36,2,0,3,0.309,0.765,1.074
31,19,CA,Brendan Gaunce,0,1,F,65,31,41,72,59,25,10,3,1,0.477,0.631,1.108
32,17,CA,Brendan Perlini,0,0,F,58,34,37,71,36,-2,16,2,5,0.586,0.638,1.224
33,18,US,Anthony Deangelo,0,1,D,51,15,56,71,90,-34,6,1,2,0.294,1.098,1.392
34,16,CA,Travis Konecny,0,1,F,63,26,44,70,18,-15,5,0,1,0.413,0.698,1.111
35,19,FI,Henri Ikonen,0,0,F,54,25,45,70,49,17,7,3,3,0.463,0.833,1.296
36,20,CA,Zach Hall,0,0,F,56,16,54,70,48,-3,6,0,2,0.286,0.964,1.25
37,18,CA,Hunter Garlent,0,0,F,62,20,49,69,41,26,5,1,1,0.323,0.79,1.113
38,17,CA,Spencer Watson,0,0,F,65,33,35,68,16,31,5,0,6,0.508,0.538,1.046
39,18,CA,Remi Elie,0,0,F,67,29,39,68,48,-13,10,0,2,0.433,0.582,1.015
40,19,CA,Erik Bradford,0,0,F,66,25,43,68,50,6,5,0,2,0.379,0.652,1.03
41,20,CA,Barclay Goodrow,1,1,F,63,33,34,67,64,18,10,7,8,0.524,0.54,1.063
42,19,CA,Matt Rupert,0,0,F,53,33,34,67,69,29,8,1,8,0.623,0.642,1.264
43,20,DE,Nickolas Latta,0,0,F,65,38,28,66,87,-41,13,1,1,0.585,0.431,1.015
44,19,US,Bryan Moore,0,0,F,58,25,38,63,100,7,6,1,3,0.431,0.655,1.086
45,20,CA,Darcy Greenaway,0,0,F,67,35,27,62,40,12,9,0,3,0.522,0.403,0.925
46,17,CA,Jared McCann,0,1,F,64,27,35,62,51,9,9,1,3,0.422,0.547,0.969
47,17,CA,Eric Cornel,0,0,F,68,25,37,62,25,2,5,1,1,0.368,0.544,0.912
48,20,CA,Tyler Gaudet,1,1,F,65,26,35,61,35,25,2,1,3,0.4,0.538,0.938
49,19,CA,Matt Finn,0,0,D,66,14,47,61,42,57,7,0,2,0.212,0.712,0.924
50,20,CA,Eric Locke,0,0,F,48,26,34,60,44,14,4,6,1,0.542,0.708,1.25
51,17,CA,Dante Salituro,0,0,F,68,22,37,59,76,-18,5,0,0,0.324,0.544,0.868
52,16,CA,Mitchell Marner,0,1,F,64,13,46,59,24,38,0,0,3,0.203,0.719,0.922
53,20,CA,Ryan Van Stralen,0,0,F,61,29,29,58,70,-4,11,0,2,0.475,0.475,0.951
54,20,CA,Cameron Brace,0,0,F,55,31,25,56,48,-4,9,1,5,0.564,0.455,1.018
55,19,CA,Holden Cook,0,0,F,68,28,28,56,45,11,9,1,3,0.412,0.412,0.824
56,20,CA,Michael Curtis,0,0,F,68,28,28,56,48,37,2,3,4,0.412,0.412,0.824
57,20,CA,Andrew Fritsch,0,0,F,62,24,32,56,12,11,4,0,6,0.387,0.516,0.903
58,19,CA,Brett Welychka,0,0,F,68,22,34,56,29,21,5,0,3,0.324,0.5,0.824
59,19,CA,Connor Crisp,0,0,F,67,28,27,55,120,10,8,0,2,0.418,0.403,0.821
60,19,CA,Adam Pelech,0,1,D,60,10,45,55,46,52,2,1,4,0.167,0.75,0.917
61,20,CA,Zach Lorentz,0,0,F,68,27,27,54,8,-24,10,0,7,0.397,0.397,0.794
62,19,US,Ryan Hartman,1,1,F,52,26,28,54,91,-14,8,2,1,0.5,0.538,1.038
63,18,CA,Josh Sterk,0,0,F,66,20,34,54,67,-2,10,0,3,0.303,0.515,0.818
64,20,CA,Patrick Watling,0,0,F,65,18,36,54,39,35,4,3,2,0.277,0.554,0.831
65,19,US,Nick Ebert,0,0,D,65,13,41,54,49,53,8,1,1,0.2,0.631,0.831
66,19,CA,Jesse Graham,0,0,D,66,11,43,54,43,3,4,1,2,0.167,0.652,0.818
67,19,US,Ben Johnson,0,0,F,59,28,25,53,30,18,5,2,6,0.475,0.424,0.898
68,17,CA,Brendan Lemieux,0,0,F,65,27,26,53,145,-5,10,0,3,0.415,0.4,0.815
69,17,CA,Aaron Ekblad,1,1,D,58,23,30,53,91,9,16,1,4,0.397,0.517,0.914
70,19,CH,Vincent Praplan,0,0,F,61,19,34,53,16,15,6,0,5,0.311,0.557,0.869
71,19,CA,Slater Koekkoek,1,1,D,62,15,38,53,51,44,9,2,1,0.242,0.613,0.855
72,19,CA,Josh Anderson,1,1,F,59,27,25,52,81,31,11,3,1,0.458,0.424,0.881
73,18,CA,Anthony DiFruscia,0,0,F,67,25,27,52,140,-19,13,1,4,0.373,0.403,0.776
74,20,CA,Mitch Theoret,0,0,F,52,17,35,52,20,6,6,1,1,0.327,0.673,1
75,17,CA,Andrew Mangiapane,0,0,F,68,24,27,51,28,19,1,1,2,0.353,0.397,0.75
76,18,CA,Zach Nastasiuk,0,0,F,62,24,27,51,26,-14,10,2,2,0.387,0.435,0.823
77,19,CA,Trevor Carrick,0,1,D,70,22,29,51,117,-6,7,0,5,0.314,0.414,0.729
78,20,CA,Kurtis Gabriel,0,1,F,60,15,36,51,99,4,1,0,3,0.25,0.6,0.85
79,20,CA,Michael Moffat,0,0,D,64,6,45,51,77,18,4,0,1,0.094,0.703,0.797
80,20,CA,Eric Ming,0,0,F,52,33,17,50,16,-4,14,1,4,0.635,0.327,0.962
81,19,CA,Joseph Blandisi,0,1,F,47,24,26,50,73,-17,9,5,3,0.511,0.553,1.064
82,19,CA,Zach Leslie,0,0,D,60,14,36,50,39,40,2,1,3,0.233,0.6,0.833
83,18,CA,Darnell Nurse,1,1,D,64,13,37,50,91,1,6,1,2,0.203,0.578,0.781
84,19,CA,Brendan Bell,0,0,F,68,25,24,49,103,-18,7,1,2,0.368,0.353,0.721
85,19,CA,Garrett Hooey,0,0,F,67,25,24,49,62,-3,8,1,5,0.373,0.358,0.731
86,19,CA,Justin Kea,0,0,F,58,22,27,49,97,14,0,4,4,0.379,0.466,0.845
87,20,CA,Tyson Fawcett,0,0,F,68,26,22,48,38,-11,8,2,1,0.382,0.324,0.706
88,20,CA,Carter Sandlak,0,0,F,61,24,24,48,95,-17,10,1,1,0.393,0.393,0.787
89,20,CA,Remy Giftopoulos,0,0,F,61,24,24,48,104,-3,10,0,2,0.393,0.393,0.787
90,20,CA,Kyle Hope,0,0,F,54,24,24,48,99,16,7,0,4,0.444,0.444,0.889
91,19,CA,Michael Clarke,0,0,F,65,21,27,48,49,7,6,2,2,0.323,0.415,0.738
92,19,CZ,Radek Faksa,0,1,F,59,21,27,48,48,-9,5,2,2,0.356,0.458,0.814
93,18,CA,Stephen Harper,0,0,F,64,13,35,48,37,4,3,1,2,0.203,0.547,0.75
94,18,CA,Bradley Latour,0,0,F,66,18,29,47,35,10,4,3,2,0.273,0.439,0.712
95,20,CA,Dylan Smoskowitz,0,0,F,67,29,17,46,32,-19,11,1,1,0.433,0.254,0.687
96,18,CA,Nick Paul,0,1,F,67,26,20,46,39,12,4,0,3,0.388,0.299,0.687
97,17,US,Nick Magyar,0,0,F,66,20,26,46,20,-18,3,0,0,0.303,0.394,0.697
98,18,US,Jimmy Lodge,0,0,F,59,19,27,46,49,5,8,0,2,0.322,0.458,0.78
99,19,CA,Daniel Milne,0,0,F,68,15,31,46,58,-13,4,0,0,0.221,0.456,0.676
100,20,CA,Ben Thomson,0,0,F,55,27,18,45,90,15,6,2,4,0.491,0.327,0.818
101,20,CA,Nelson Armstrong,0,0,D,66,9,36,45,55,8,5,1,3,0.136,0.545,0.682
102,19,CA,Samuel Schutt,0,0,F,64,26,18,44,42,25,8,3,4,0.406,0.281,0.688
103,18,CA,Bryson Cianfrone,0,0,F,65,17,27,44,28,-29,5,1,3,0.262,0.415,0.677
104,18,US,Justin Bailey,0,1,F,54,25,18,43,20,-12,5,0,1,0.463,0.333,0.796
105,18,US,Sam Povorozniouk,0,0,F,64,18,25,43,56,-5,5,2,2,0.281,0.391,0.672
106,17,CA,Roland McKeown,0,0,D,62,11,32,43,61,38,3,1,1,0.177,0.516,0.694
107,19,CA,Josh MacDonald,0,0,F,58,23,19,42,41,8,4,0,3,0.397,0.328,0.724
108,18,CA,Michael Bunting,0,0,F,48,15,27,42,34,10,6,0,2,0.313,0.563,0.875
109,18,CA,Jordan Subban,0,0,D,66,12,30,42,63,-11,1,0,2,0.182,0.455,0.636
110,19,CA,Evan McEneny,0,0,D,61,7,35,42,78,3,6,0,1,0.115,0.574,0.689
111,18,CA,Ryan Kujawinski,0,0,F,45,23,18,41,39,3,8,0,4,0.511,0.4,0.911
112,18,CA,Nick Moutrey,0,0,F,68,15,26,41,82,13,1,0,1,0.221,0.382,0.603
113,19,CA,Brett Gustavsen,0,0,F,64,14,27,41,81,-16,3,0,1,0.219,0.422,0.641
114,16,CA,Blake Speers,0,1,F,62,19,21,40,12,1,3,0,6,0.306,0.339,0.645
115,18,CA,Hunter Smith,0,0,F,64,16,24,40,100,11,7,0,4,0.25,0.375,0.625
116,19,CA,Luke Cairns,0,0,F,61,16,24,40,16,-16,4,0,1,0.262,0.393,0.656
117,18,CA,Jordan Maletta,0,0,F,59,12,28,40,58,-4,5,0,1,0.203,0.475,0.678
118,20,CA,Alex Basso,0,0,D,63,10,30,40,61,13,7,0,3,0.159,0.476,0.635
119,20,CA,Steven Trojanovic,0,0,D,65,7,33,40,47,43,3,0,1,0.108,0.508,0.615
120,20,CA,Matt MacLeod,0,0,F,63,15,24,39,42,19,1,0,1,0.238,0.381,0.619
121,19,CA,Brandon Devlin,0,0,D,66,14,25,39,85,1,8,0,2,0.212,0.379,0.591
122,18,CA,Josh Burnside,0,0,F,62,12,27,39,35,-28,3,1,0,0.194,0.435,0.629
123,18,CA,Corey Pawley,0,0,F,56,12,27,39,25,18,4,0,0,0.214,0.482,0.696
124,16,CA,Dylan Strome,0,1,F,60,10,29,39,11,17,2,0,4,0.167,0.483,0.65
125,19,CA,Luke Mercer,0,0,D,61,5,34,39,49,-19,3,0,0,0.082,0.557,0.639
126,19,CA,Robert Polesello,0,0,F,48,18,20,38,20,-9,4,0,5,0.375,0.417,0.792
127,16,RU,Nikita Korostelev,0,0,F,60,17,21,38,23,-35,8,0,3,0.283,0.35,0.633
128,17,CA,Francesco Vilardi,0,0,F,68,13,25,38,22,-15,3,0,0,0.191,0.368,0.559
129,20,US,Jimmy McDowell,0,0,D,68,13,25,38,42,-54,7,0,1,0.191,0.368,0.559
130,17,CA,Mike Amadio,0,0,F,64,12,26,38,14,15,3,0,0,0.188,0.406,0.594
131,18,SE,Viktor Crus-Rydberg,0,0,F,62,12,26,38,20,-22,6,0,3,0.194,0.419,0.613
132,17,CA,David Miller,0,0,F,63,18,19,37,27,-4,4,0,4,0.286,0.302,0.587
133,18,CA,Matt Mistele,0,0,F,55,18,19,37,59,-4,5,0,4,0.327,0.345,0.673
134,20,CA,Justin Sefton,0,0,D,68,16,21,37,92,4,11,0,1,0.235,0.309,0.544
135,17,US,Ryan MacInnis,0,0,F,66,16,21,37,18,-28,6,0,1,0.242,0.318,0.561
136,19,CA,Curtis Meighan,0,0,F,68,11,26,37,16,-3,3,2,2,0.162,0.382,0.544
137,17,CA,Dylan Sadowy,0,0,F,68,27,9,36,69,14,0,3,2,0.397,0.132,0.529
138,17,US,Darby Llewellyn,0,0,F,66,25,11,36,43,-13,4,0,6,0.379,0.167,0.545
139,18,CA,Kyle Platzer,0,0,F,66,22,14,36,26,-14,9,1,1,0.333,0.212,0.545
140,19,CA,Jake Dotchin,0,0,D,63,11,25,36,121,20,6,2,1,0.175,0.397,0.571
141,19,US,Cody Payne,0,0,F,57,26,9,35,35,-1,7,0,3,0.456,0.158,0.614
142,17,CA,Anthony Stefano,0,0,F,65,15,20,35,22,3,0,1,3,0.231,0.308,0.538
143,18,FI,Jonatan Tanus,0,0,F,55,13,22,35,45,-9,2,0,1,0.236,0.4,0.636
144,18,US,Kevin Labanc,0,1,F,65,11,24,35,30,3,3,0,2,0.169,0.369,0.538
145,18,CA,Tyler Bertuzzi,0,1,F,29,9,26,35,49,9,4,0,2,0.31,0.897,1.207
146,20,CA,Spencer Abraham,0,0,D,68,8,27,35,24,29,7,1,0,0.118,0.397,0.515
147,18,CA,Nevin Guy,0,0,D,66,8,27,35,28,-33,6,0,0,0.121,0.409,0.53
148,18,US,Michael McCarron,0,1,F,66,14,20,34,120,11,1,0,1,0.212,0.303,0.515
149,19,CA,Andrew Goldberg,0,0,F,60,17,16,33,21,-14,3,1,2,0.283,0.267,0.55
150,20,CA,Brady Austin,0,0,D,67,9,24,33,42,51,4,0,1,0.134,0.358,0.493
151,17,CA,Vince Dunn,0,0,D,63,5,28,33,45,-8,2,0,0,0.079,0.444,0.524
152,19,CA,Matia Marcantuoni,0,0,F,54,15,17,32,29,-30,6,1,1,0.278,0.315,0.593
153,17,CA,Ryan Foss,0,0,F,58,13,19,32,10,7,2,0,2,0.224,0.328,0.552
154,18,CA,Jake Marchment,0,0,F,57,10,22,32,53,4,0,0,1,0.175,0.386,0.561
155,19,CA,Billy Jenkins,0,0,F,42,10,22,32,24,-7,4,0,0,0.238,0.524,0.762
156,19,CA,Brenden Miller,0,0,D,63,8,24,32,97,14,6,0,1,0.127,0.381,0.508
157,19,CA,Terry Trafford,0,0,F,54,8,24,32,70,-3,0,0,1,0.148,0.444,0.593
158,18,CA,Brent Pedersen,0,0,F,67,18,13,31,48,-30,2,1,0,0.269,0.194,0.463
159,18,US,Connor Chatham,0,0,F,54,13,18,31,51,-17,2,0,1,0.241,0.333,0.574
160,18,DE,Dominik Kahun,0,0,F,43,9,22,31,8,-14,1,0,1,0.209,0.512,0.721
161,18,CA,Brody Milne,0,0,F,68,17,13,30,39,1,0,0,2,0.25,0.191,0.441
162,20,CA,Steven Janes,0,0,F,60,12,18,30,58,4,1,1,2,0.2,0.3,0.5
163,17,CA,Zach Bratina,0,0,F,58,12,18,30,75,8,1,0,1,0.207,0.31,0.517
164,18,RU,Nikita Zadorov,1,1,D,36,11,19,30,43,30,5,1,2,0.306,0.528,0.833
165,20,CA,Scott Simmonds,0,0,F,63,10,20,30,42,-22,3,0,0,0.159,0.317,0.476
166,19,US,Max Iafrate,0,0,D,57,8,22,30,124,-22,6,0,1,0.14,0.386,0.526
167,17,US,Blake Siebenaler,0,0,D,68,6,24,30,24,-16,3,0,0,0.088,0.353,0.441
168,19,US,Dylan Blujus,0,0,D,55,4,26,30,56,13,1,0,0,0.073,0.473,0.545
169,18,CZ,Dominik Kubalik,0,0,F,59,18,11,29,46,-16,4,0,3,0.305,0.186,0.492
170,20,CA,Ryan Horvat,0,0,F,59,15,14,29,50,8,1,1,2,0.254,0.237,0.492
171,18,US,Greg Betzold,0,0,F,63,12,17,29,37,-4,2,0,2,0.19,0.27,0.46
172,18,CA,Trevor Murphy,0,0,D,51,8,21,29,57,16,2,0,1,0.157,0.412,0.569
173,20,CA,Eric Diodati,0,0,D,67,7,22,29,70,8,1,0,2,0.104,0.328,0.433
174,20,US,Craig Duininck,0,0,D,59,7,22,29,33,-12,2,1,0,0.119,0.373,0.492
175,20,CA,Brayden Rose,0,0,D,58,3,26,29,43,-6,2,0,1,0.052,0.448,0.5
176,17,CA,Cristiano DiGiacinto,0,0,F,50,17,11,28,101,8,2,0,1,0.34,0.22,0.56
177,18,SE,Alexander Henriksson,0,0,F,68,11,17,28,47,-7,1,0,0,0.162,0.25,0.412
178,17,BY,Vladislav Kodola,0,0,F,67,7,21,28,10,-42,1,0,0,0.104,0.313,0.418
179,19,CA,Gianluca Curcuruto,0,0,D,57,7,21,28,16,-14,2,1,0,0.123,0.368,0.491
180,17,CA,Stefan LeBlanc,0,0,D,64,5,23,28,26,-14,1,0,0,0.078,0.359,0.438
181,17,CA,Travis Dermott,0,0,D,67,3,25,28,45,35,1,0,1,0.045,0.373,0.418
182,19,CA,Stephen Pierog,0,0,F,67,15,12,27,83,-12,0,0,2,0.224,0.179,0.403
183,16,CA,Lawson Crouse,0,1,F,63,15,12,27,64,10,3,0,3,0.238,0.19,0.429
184,17,CZ,David Tomasek,0,0,F,58,13,14,27,8,-18,6,0,2,0.224,0.241,0.466
185,18,CA,Aaron Berisha,0,0,F,67,12,15,27,8,-24,4,0,1,0.179,0.224,0.403
186,19,CA,Slater Doggett,0,0,F,65,7,20,27,51,13,1,0,0,0.108,0.308,0.415
187,19,US,Chris Carlisle,0,0,D,67,6,21,27,58,-7,3,0,0,0.09,0.313,0.403
188,18,CA,Chris Bigras,0,1,D,55,4,23,27,46,-11,2,0,0,0.073,0.418,0.491
189,20,CA,Brett Foy,0,0,F,68,11,15,26,53,-31,5,2,1,0.162,0.221,0.382
190,19,CA,Ray Huether,0,0,F,68,9,17,26,35,-3,1,0,1,0.132,0.25,0.382
191,19,RU,Semyon Babintsev,0,0,F,61,12,13,25,24,-25,2,0,3,0.197,0.213,0.41
192,19,NO,J?rgen Karterud,0,0,F,45,11,14,25,19,3,4,0,1,0.244,0.311,0.556
193,18,CA,Tyler Hill,0,0,F,67,10,15,25,58,-26,2,0,1,0.149,0.224,0.373
194,18,CA,Jacob Harris,0,0,F,58,10,15,25,22,9,1,1,2,0.172,0.259,0.431
195,18,CA,Daniel Nikandrov,0,0,F,53,9,16,25,10,-28,1,2,0,0.17,0.302,0.472
196,19,CA,Jamie Lewis,0,0,F,67,8,17,25,40,8,0,1,1,0.119,0.254,0.373
197,19,CA,Dylan Corson,0,0,F,64,7,18,25,39,8,0,0,0,0.109,0.281,0.391
198,17,CA,Kyle Jenkins,0,0,D,63,7,18,25,28,6,5,0,1,0.111,0.286,0.397
199,19,US,Dakota Mermis,0,0,D,66,5,20,25,76,40,0,2,2,0.076,0.303,0.379
200,17,CA,Logan Schmidt,0,0,D,58,2,23,25,12,-17,1,0,0,0.034,0.397,0.431
201,18,RU,Andrei Alexeyev,0,0,F,59,12,12,24,18,14,0,0,2,0.203,0.203,0.407
202,17,CA,Ryan Verbeek,0,0,F,43,12,12,24,29,1,2,0,0,0.279,0.279,0.558
203,17,CH,Pius Suter,0,0,F,66,9,15,24,16,16,0,3,3,0.136,0.227,0.364
204,19,CA,Marcus McIvor,0,0,D,68,2,22,24,44,30,0,1,0,0.029,0.324,0.353
205,16,CA,Brett McKenzie,0,0,F,63,13,10,23,25,0,0,0,3,0.206,0.159,0.365
206,17,CA,Niki Petti,0,0,F,59,12,11,23,17,-20,2,0,1,0.203,0.186,0.39
207,19,CA,Justin Auger,0,0,F,53,11,12,23,61,8,1,0,0,0.208,0.226,0.434
208,18,CA,Sam Studnicka,0,0,F,67,8,15,23,57,-23,1,0,0,0.119,0.224,0.343
209,20,CA,Clark Seymour,0,0,D,61,7,16,23,85,-8,4,0,0,0.115,0.262,0.377
210,19,CA,Jeff Corbett,0,0,D,57,4,19,23,29,-1,1,0,1,0.07,0.333,0.404
211,20,US,Colin Suellentrop,0,0,D,67,3,20,23,98,18,1,0,1,0.045,0.299,0.343
212,19,CA,Jonathan Laser,0,0,D,61,3,20,23,90,31,0,0,1,0.049,0.328,0.377
213,17,CA,Jacob Middleton,0,0,D,65,2,21,23,64,-21,1,0,1,0.031,0.323,0.354
214,18,CA,Davis Brown,0,0,F,59,14,8,22,41,-34,4,0,1,0.237,0.136,0.373
215,16,US,Mason Kohn,0,0,F,61,9,13,22,21,-15,4,0,1,0.148,0.213,0.361
216,18,CA,Stephen Nosad,0,0,F,49,9,13,22,8,6,0,1,2,0.184,0.265,0.449
217,16,CA,Graham Knott,0,0,F,64,8,14,22,18,-18,1,0,0,0.125,0.219,0.344
218,17,CA,Kevin Spinozzi,0,0,D,69,5,17,22,60,-4,0,0,0,0.072,0.246,0.319
219,19,CA,Warren Steele,0,0,D,65,4,18,22,42,-8,1,0,0,0.062,0.277,0.338
220,16,CA,Mitchell Stephens,0,0,F,57,9,12,21,8,-3,1,0,1,0.158,0.211,0.368
221,18,CH,Yannick Rathgeb,0,0,D,57,7,14,21,48,-14,3,0,1,0.123,0.246,0.368
222,17,RU,Nikita Yazkov,0,0,F,66,6,15,21,25,-5,0,0,1,0.091,0.227,0.318
223,17,CA,Jared Walsh,0,0,D,66,5,16,21,14,-38,2,0,0,0.076,0.242,0.318
224,18,FI,Alex Lintuniemi,0,0,D,68,4,17,21,26,-38,1,0,0,0.059,0.25,0.309
225,20,CA,Kevin Raine,0,0,D,57,4,17,21,44,19,0,0,1,0.07,0.298,0.368
226,18,CA,Tyler Ganly,0,0,D,67,3,18,21,62,34,0,0,2,0.045,0.269,0.313
227,18,CA,Conor McGlynn,0,0,F,68,12,8,20,77,-13,0,2,1,0.176,0.118,0.294
228,17,CA,Bobby MacIntyre,0,0,F,61,12,8,20,38,-21,3,2,1,0.197,0.131,0.328
229,19,CA,Kurtis MacDermid,0,0,D,66,7,13,20,165,23,2,0,2,0.106,0.197,0.303
230,18,CA,Tyler Hore,0,0,D,63,7,13,20,40,-9,2,0,1,0.111,0.206,0.317
231,18,CA,Justin Scott,0,0,F,61,7,13,20,29,8,0,0,1,0.115,0.213,0.328
232,18,CA,Mitchell Fitzmorris,0,0,F,61,7,13,20,51,-11,0,0,1,0.115,0.213,0.328
233,16,CA,Mitchell Vande Sompel,0,0,D,47,5,15,20,18,3,3,0,0,0.106,0.319,0.426
234,17,CA,Brook Hiddink,0,0,F,45,2,18,20,16,-10,2,0,0,0.044,0.4,0.444
235,17,US,Frank Hora,0,0,D,65,1,19,20,53,-18,1,0,0,0.015,0.292,0.308
236,19,CA,Sean Callaghan,0,0,D,66,8,11,19,127,12,0,0,0,0.121,0.167,0.288
237,17,CA,Jeff King,0,0,D,61,4,15,19,32,-17,1,0,1,0.066,0.246,0.311
238,19,CA,Jacob Ringuette,0,0,D,68,3,16,19,65,4,2,0,1,0.044,0.235,0.279
239,16,CA,Matthew Kreis,0,0,F,57,3,16,19,10,2,1,0,0,0.053,0.281,0.333
240,19,US,Troy Donnay,0,0,D,66,2,17,19,92,40,0,1,1,0.03,0.258,0.288
241,17,CA,Brandon Prophet,0,0,D,65,2,17,19,72,4,1,0,0,0.031,0.262,0.292
242,18,CA,Jake Evans,0,0,F,57,11,7,18,53,13,0,0,1,0.193,0.123,0.316
243,19,CA,Jean Dupuy,0,0,F,48,10,8,18,46,1,1,0,0,0.208,0.167,0.375
244,17,CA,Hayden Hodgson,0,0,F,52,9,9,18,64,-20,1,0,0,0.173,0.173,0.346
245,17,CA,Jaden Lindo,0,0,F,40,9,9,18,41,-9,2,0,2,0.225,0.225,0.45
246,17,CA,Joe Manchurek,0,0,F,64,8,10,18,8,4,0,0,2,0.125,0.156,0.281
247,17,CA,Steven Lorentz,0,0,F,64,7,11,18,18,-4,0,1,2,0.109,0.172,0.281
248,17,CA,Mathieu Henderson,0,0,D,60,6,12,18,31,-15,4,0,1,0.1,0.2,0.3
249,18,US,Nick Betz,0,0,F,66,5,13,18,60,13,0,0,0,0.076,0.197,0.273
250,19,FI,Mikko Vainonen,0,0,D,57,4,14,18,73,7,1,0,1,0.07,0.246,0.316
251,17,CA,Santino Centorame,0,0,D,61,3,15,18,50,2,1,0,1,0.049,0.246,0.295
252,17,CA,Michael Cramarossa,0,0,F,66,7,10,17,24,-21,0,0,1,0.106,0.152,0.258
253,17,CA,Jeremiah Addison,0,0,F,61,7,10,17,52,2,0,0,1,0.115,0.164,0.279
254,17,CA,Thomas Schemitsch,0,0,D,63,6,11,17,26,-16,3,0,2,0.095,0.175,0.27
255,16,CA,Jesse Barwell,0,0,F,60,4,13,17,8,-20,2,0,0,0.067,0.217,0.283
256,18,CA,Michael Webster,0,0,D,65,3,14,17,51,5,1,0,1,0.046,0.215,0.262
257,20,CA,Zach Bell,0,0,D,40,3,14,17,53,29,0,0,0,0.075,0.35,0.425
258,18,CA,Will Petschenig,0,0,D,68,2,15,17,56,20,0,0,0,0.029,0.221,0.25
259,17,CA,Chad Heffernan,0,0,F,53,10,6,16,94,-8,0,0,0,0.189,0.113,0.302
260,17,CA,Jacob Busch,0,0,F,53,9,7,16,72,-3,2,0,1,0.17,0.132,0.302
261,18,CA,Brandon Robinson,0,0,F,40,7,9,16,28,-13,4,0,1,0.175,0.225,0.4
262,15,CA,Sean Day,0,0,D,60,6,10,16,34,-35,1,0,3,0.1,0.167,0.267
263,17,RU,Damir Sharipzyanov,0,0,D,67,5,11,16,65,2,0,1,0,0.075,0.164,0.239
264,19,CA,Taylor Fielding,0,0,F,65,5,11,16,62,-11,1,0,0,0.077,0.169,0.246
265,17,US,Aaron Haydon,0,0,D,61,5,11,16,112,-39,4,0,0,0.082,0.18,0.262
266,18,CA,Ben Harpur,0,1,D,67,3,13,16,69,34,0,0,0,0.045,0.194,0.239
267,18,CA,Alex Yuill,0,0,D,67,3,13,16,24,-2,0,0,0,0.045,0.194,0.239
268,19,CA,Alex Gudbranson,0,0,D,66,7,8,15,76,8,1,0,0,0.106,0.121,0.227
269,17,CA,Jeffrey Gilligan,0,0,F,63,3,12,15,40,-8,2,0,0,0.048,0.19,0.238
270,16,CA,Justin Lemcke,0,0,D,50,2,13,15,39,-7,1,0,0,0.04,0.26,0.3
271,16,CA,Matt Spencer,0,0,D,64,1,14,15,33,5,0,0,1,0.016,0.219,0.234
272,18,CA,Connor Brown,0,0,F,67,12,2,14,57,-23,0,0,4,0.179,0.03,0.209
273,17,CA,Matt Gillard,0,0,F,45,8,6,14,2,-9,0,0,2,0.178,0.133,0.311
274,17,RU,Alexander Mikulovich,0,0,D,57,7,7,14,57,-14,3,0,2,0.123,0.123,0.246
275,17,CA,Owen MacDonald,0,0,F,47,7,7,14,31,3,0,1,0,0.149,0.149,0.298
276,17,CA,Jonathan Duchesne,0,0,D,64,6,8,14,83,-30,1,0,1,0.094,0.125,0.219
277,18,CA,Mathew Santos,0,0,F,63,6,8,14,48,5,0,0,2,0.095,0.127,0.222
278,18,US,Danny Vanderwiel,0,0,F,57,6,8,14,31,-7,0,1,0,0.105,0.14,0.246
279,17,US,Christian Dvorak,0,1,F,33,6,8,14,0,8,1,1,2,0.182,0.242,0.424
280,17,CA,Brett Hargrave,0,0,F,59,5,9,14,51,-14,1,0,2,0.085,0.153,0.237
281,17,CA,Damian Bourne,0,0,F,49,5,9,14,74,-17,0,0,1,0.102,0.184,0.286
282,20,CA,Jake Worrad,0,0,D,41,5,9,14,26,-8,2,0,1,0.122,0.22,0.341
283,16,CA,Sam Harding,0,0,F,63,3,11,14,19,2,1,0,0,0.048,0.175,0.222
284,18,US,Mitch Jones,0,0,D,62,3,11,14,127,-11,1,1,0,0.048,0.177,0.226
285,17,CA,Greg DiTomaso,0,0,D,64,2,12,14,35,-20,0,0,0,0.031,0.188,0.219
286,17,RU,Artyom Rasulov,0,0,F,51,2,12,14,15,-18,0,0,0,0.039,0.235,0.275
287,17,CA,Daniel De Sousa,0,0,D,43,2,12,14,32,18,0,0,0,0.047,0.279,0.326
288,18,CH,Phil Baltisberger,0,0,D,57,1,13,14,36,25,1,0,0,0.018,0.228,0.246
289,18,US,Miles Liberati,0,0,D,65,9,4,13,37,0,2,0,4,0.138,0.062,0.2
290,18,CA,Danny Desrochers,0,0,F,64,6,7,13,45,-3,0,0,1,0.094,0.109,0.203
291,19,CA,Joel Wigle,0,0,F,41,6,7,13,69,1,0,0,0,0.146,0.171,0.317
292,17,CA,Cordell James,0,0,F,66,5,8,13,22,10,0,0,0,0.076,0.121,0.197
293,16,CA,Cullen Mercer,0,0,F,68,4,9,13,20,-9,0,0,0,0.059,0.132,0.191
294,18,CA,Nick Zottl,0,0,D,65,4,9,13,96,-15,2,0,0,0.062,0.138,0.2
295,17,CA,Josh Maguire,0,0,F,59,4,9,13,44,-3,0,0,0,0.068,0.153,0.22
296,17,CA,Brandon Lindberg,0,0,F,55,4,9,13,22,-26,1,1,0,0.073,0.164,0.236
297,19,CA,Connor Jarvis,0,0,F,52,4,9,13,18,2,0,0,0,0.077,0.173,0.25
298,17,RU,Alexander Protapovich,0,0,F,47,4,9,13,16,-14,2,0,0,0.085,0.191,0.277
299,17,CA,Darren Raddysh,0,0,D,60,3,10,13,27,26,1,0,0,0.05,0.167,0.217
300,17,CA,Jared Steege,0,0,F,48,5,7,12,16,5,0,0,0,0.104,0.146,0.25
301,16,CA,Hayden McCool,0,0,F,57,2,10,12,28,-23,1,0,0,0.035,0.175,0.211
302,19,CA,Josh Brown,0,0,D,56,2,10,12,83,7,0,0,0,0.036,0.179,0.214
303,18,CA,Evan De Haan,0,0,D,54,2,10,12,12,-6,0,0,0,0.037,0.185,0.222
304,17,US,Blake Clarke,0,0,F,54,2,10,12,26,-2,0,0,0,0.037,0.185,0.222
305,17,CA,Kyle Wood,0,0,D,33,2,10,12,21,15,2,0,1,0.061,0.303,0.364
306,19,CA,Josh Chapman,0,0,D,56,1,11,12,154,-14,0,0,0,0.018,0.196,0.214
307,19,CA,Connor Boland,0,0,D,67,3,8,11,76,-9,0,0,0,0.045,0.119,0.164
308,19,CA,Loren Ulett,0,0,D,54,3,8,11,68,11,0,0,0,0.056,0.148,0.204
309,17,CA,Trent Mallette,0,0,F,51,3,8,11,32,9,0,0,1,0.059,0.157,0.216
310,18,CA,Jacob Graves,0,0,D,62,2,9,11,130,-24,0,0,1,0.032,0.145,0.177
311,18,CA,Steven Varga,0,0,D,56,2,9,11,8,-11,1,0,0,0.036,0.161,0.196
312,17,CA,Justin Bean,0,0,D,44,1,10,11,12,-10,0,0,0,0.023,0.227,0.25
313,16,CA,Kyle Capobianco,0,0,D,53,0,11,11,18,-3,0,0,0,0,0.208,0.208
314,16,CA,Adam Craievich,0,0,F,41,6,4,10,17,-2,0,0,2,0.146,0.098,0.244
315,16,US,Ryan Moore,0,0,F,65,5,5,10,33,-10,1,0,1,0.077,0.077,0.154
316,17,CA,Kyle Pettit,0,0,F,53,5,5,10,24,3,0,1,2,0.094,0.094,0.189
317,17,CA,Everett Clark,0,0,F,48,4,6,10,55,0,0,0,0,0.083,0.125,0.208
318,20,CA,Ben Fanelli,0,0,D,63,3,7,10,70,-27,1,0,0,0.048,0.111,0.159
319,17,CA,Marc Stevens,0,0,F,43,2,8,10,39,2,0,0,0,0.047,0.186,0.233
320,18,CA,Mac Clutsam,0,0,D,57,1,9,10,18,10,0,0,0,0.018,0.158,0.175
321,18,CA,Aidan Wallace,0,0,F,54,7,2,9,29,4,0,1,2,0.13,0.037,0.167
322,16,CA,Noah Bushnell,0,0,F,62,6,3,9,92,-29,0,0,0,0.097,0.048,0.145
323,18,CA,Chadd Bauman,0,0,D,66,5,4,9,74,7,1,0,0,0.076,0.061,0.136
324,18,SE,Gilbert Gabor,0,0,F,58,5,4,9,64,-6,0,0,1,0.086,0.069,0.155
325,19,CA,Nathan Cull,0,0,F,54,5,4,9,63,-12,1,0,1,0.093,0.074,0.167
326,17,CA,Ben Hughes,0,0,F,52,4,5,9,23,-21,1,0,1,0.077,0.096,0.173
327,19,CA,Justice Dundas,0,0,F,51,4,5,9,96,-5,0,0,1,0.078,0.098,0.176
328,16,CA,Austin Gerhart,0,0,F,59,3,6,9,8,-14,1,0,0,0.051,0.102,0.153
329,17,CA,Alex Peters,0,0,D,50,3,6,9,44,-3,0,1,1,0.06,0.12,0.18
330,18,US,Travis Wood,0,0,F,29,3,6,9,8,4,0,0,0,0.103,0.207,0.31
331,17,RU,Dmitri Sergeyev,0,0,D,49,2,7,9,22,5,1,0,0,0.041,0.143,0.184
332,17,US,Josh Wesley,0,0,D,68,1,8,9,62,-6,0,0,0,0.015,0.118,0.132
333,17,CA,C.J. Garcia,0,0,D,52,1,8,9,27,2,0,0,0,0.019,0.154,0.173
334,16,CA,Mike Davies,0,0,F,60,5,3,8,28,-12,0,0,1,0.083,0.05,0.133
335,18,CA,Mack Lemmon,0,0,F,58,4,4,8,126,-22,0,0,0,0.069,0.069,0.138
336,18,CA,Connor Sills,0,0,F,56,4,4,8,66,-15,1,1,0,0.071,0.071,0.143
337,17,CA,Andrew Ming,0,0,F,54,4,4,8,18,-12,0,0,0,0.074,0.074,0.148
338,17,CA,Stephen Desrocher,0,0,D,43,4,4,8,6,6,3,0,0,0.093,0.093,0.186
339,17,CA,Matt Schmalz,0,0,F,66,3,5,8,60,-23,0,0,2,0.045,0.076,0.121
340,18,CA,Scott Teskey,0,0,F,58,3,5,8,6,-19,0,0,1,0.052,0.086,0.138
341,17,CA,Cody Caron,0,0,F,57,3,5,8,80,-22,1,0,0,0.053,0.088,0.14
342,19,CA,Liam Maaskant,0,0,D,51,3,5,8,53,3,0,0,1,0.059,0.098,0.157
343,19,US,Chase Hatcher,0,0,F,35,3,5,8,35,-9,0,0,0,0.086,0.143,0.229
344,16,US,Troy Henley,0,0,D,56,2,6,8,26,-15,0,0,0,0.036,0.107,0.143
345,18,CA,Jacob Jammes,0,0,F,42,2,6,8,16,-17,0,0,1,0.048,0.143,0.19
346,17,CA,Patrick Sanvido,0,0,D,64,1,7,8,82,-21,1,0,0,0.016,0.109,0.125
347,18,CA,Adam Bateman,0,0,D,43,1,7,8,20,-5,0,0,0,0.023,0.163,0.186
348,16,CA,Garrett McFadden,0,0,D,42,1,7,8,10,8,0,0,0,0.024,0.167,0.19
349,18,CA,Patrick Murphy,0,0,D,35,5,2,7,0,4,0,0,0,0.143,0.057,0.2
350,17,US,Chandler Yakimowicz,0,0,F,33,3,4,7,45,11,0,0,0,0.091,0.121,0.212
351,16,CA,Adam Laishram,0,0,F,49,2,5,7,8,-9,0,0,1,0.041,0.102,0.143
352,18,DE,Tim Bender,0,0,D,45,2,5,7,16,15,0,0,1,0.044,0.111,0.156
353,17,CA,Matt Watson,0,0,D,30,2,5,7,13,2,0,0,0,0.067,0.167,0.233
354,20,US,Nick Malysa,0,0,D,67,1,6,7,67,-31,0,0,0,0.015,0.09,0.104
355,16,CA,Johnny Corneil,0,0,F,39,4,2,6,12,-10,0,0,0,0.103,0.051,0.154
356,20,CA,Brian Hughes,0,0,F,38,4,2,6,13,-4,1,1,0,0.105,0.053,0.158
357,16,CA,Ethan Szypula,0,0,F,65,3,3,6,14,3,0,0,0,0.046,0.046,0.092
358,16,CA,Jake Bricknell,0,0,F,55,2,4,6,62,-16,0,0,0,0.036,0.073,0.109
359,17,CA,Matteo Ciccarelli,0,0,F,48,2,4,6,34,-18,0,0,0,0.042,0.083,0.125
360,16,CA,Tyler MacArthur,0,0,D,57,1,5,6,39,1,0,0,0,0.018,0.088,0.105
361,17,CA,Zachary Core,0,0,D,55,1,5,6,33,-33,0,0,0,0.018,0.091,0.109
362,16,US,Zach Wilkie,0,0,D,35,1,5,6,35,-2,0,0,0,0.029,0.143,0.171
363,17,US,Charley Graaskamp,0,0,F,11,1,5,6,8,8,0,0,1,0.091,0.455,0.545
364,19,CA,Lucas Venuto,0,0,F,10,1,5,6,9,0,0,0,0,0.1,0.5,0.6
365,19,CA,Adam Bignell,0,0,D,63,0,6,6,86,-31,0,0,0,0,0.095,0.095
366,17,SK,Adrian Sloboda,0,0,D,45,0,6,6,24,-13,0,0,0,0,0.133,0.133
367,18,CA,Mark Raycroft,0,0,D,51,4,1,5,16,-25,1,0,0,0.078,0.02,0.098
368,17,CA,Nick Pastorious,0,0,F,36,3,2,5,46,1,0,0,0,0.083,0.056,0.139
369,17,CA,Alexandre Renaud,0,0,F,46,2,3,5,30,-17,0,0,0,0.043,0.065,0.109
370,16,CA,Bryce Yetman,0,0,F,39,2,3,5,12,-11,1,0,0,0.051,0.077,0.128
371,18,FI,Jimi Kuronen,0,0,D,35,2,3,5,2,1,0,0,0,0.057,0.086,0.143
372,19,CA,Ty Bilcke,0,0,F,66,1,4,5,103,-3,0,0,0,0.015,0.061,0.076
373,18,CA,Matt McCartney,0,0,F,57,1,4,5,69,-6,0,0,0,0.018,0.07,0.088
374,19,CA,Brandon Belding,0,0,F,47,1,4,5,123,-9,0,0,0,0.021,0.085,0.106
375,17,CA,Brandon Hughes,0,0,F,31,1,4,5,8,3,0,0,0,0.032,0.129,0.161
376,20,CA,Mike Robinson,0,0,F,19,1,4,5,17,5,1,0,0,0.053,0.211,0.263
377,16,CA,Colton White,0,0,D,57,0,5,5,2,10,0,0,0,0,0.088,0.088
378,19,CA,Jake Paterson,0,0,G,45,0,5,5,2,,0,0,0,0,0.111,0.111
379,17,CA,Aiden Jamieson,0,0,D,24,0,5,5,4,3,0,0,0,0,0.208,0.208
380,17,CA,Patrick White,0,0,F,37,4,0,4,2,-12,0,0,0,0.108,0,0.108
381,17,CA,Justin Brack,0,0,F,67,2,2,4,55,-12,0,0,0,0.03,0.03,0.06
382,18,SK,Matej Paulovic,0,0,F,18,2,2,4,4,-4,0,0,0,0.111,0.111,0.222
383,17,CA,Dylan DiPerna,0,0,D,57,1,3,4,47,-9,0,0,0,0.018,0.053,0.07
384,16,CA,Liam Dunda,0,0,F,50,1,3,4,56,-11,0,0,0,0.02,0.06,0.08
385,17,CA,Owen McDade,0,0,F,44,1,3,4,22,-2,0,0,0,0.023,0.068,0.091
386,17,US,Vincent Scognamiglio,0,0,F,41,1,3,4,74,-8,1,0,1,0.024,0.073,0.098
387,18,CA,Tait Seguin,0,0,F,38,1,3,4,46,0,0,0,0,0.026,0.079,0.105
388,19,US,Steve Duda,0,0,D,23,1,3,4,12,0,0,0,0,0.043,0.13,0.174
389,19,CA,Brody Silk,0,0,F,12,1,3,4,2,-6,0,0,0,0.083,0.25,0.333
390,16,CA,Riley Bruce,0,0,D,57,0,4,4,39,-18,0,0,0,0,0.07,0.07
391,17,CA,Graeme Brown,0,0,D,53,0,4,4,35,-5,0,0,0,0,0.075,0.075
392,16,CA,Ryan Orban,0,0,D,42,0,4,4,21,1,0,0,0,0,0.095,0.095
393,20,US,Alex Lepkowski,0,0,D,25,0,4,4,37,0,0,0,0,0,0.16,0.16
394,19,CA,Spenser Cobbold,0,0,F,7,0,4,4,10,-1,0,0,0,0,0.571,0.571
395,18,US,John Urbanic,0,0,F,60,3,0,3,73,-17,0,0,0,0.05,0,0.05
396,17,CA,Conor Cummins,0,0,D,51,2,1,3,24,2,0,0,0,0.039,0.02,0.059
397,17,CA,Quentin Maksimovich,0,0,F,33,2,1,3,17,-3,0,0,1,0.061,0.03,0.091
398,16,CA,Nathan Bastian,0,0,F,21,2,1,3,6,-5,0,0,0,0.095,0.048,0.143
399,19,CA,Nathan Mater,0,0,F,4,2,1,3,4,3,0,1,0,0.5,0.25,0.75
400,16,CA,Connor Schlichting,0,0,D,51,1,2,3,35,-30,0,0,0,0.02,0.039,0.059
401,16,CA,Ryan Heeps,0,0,F,50,1,2,3,17,-6,1,0,1,0.02,0.04,0.06
402,18,CA,Jimmy Soper,0,0,F,50,1,2,3,31,-16,0,0,0,0.02,0.04,0.06
403,16,US,Douglas Blaisdell,0,0,D,49,1,2,3,19,-20,0,0,0,0.02,0.041,0.061
404,18,CA,Alex Carnevale,0,0,F,31,1,2,3,6,-12,0,0,0,0.032,0.065,0.097
405,18,CA,Mike Vlajkov,0,0,D,2,1,2,3,2,-2,1,0,0,0.5,1,1.5
406,19,CA,Cory Genovese,0,0,D,58,0,3,3,91,14,0,0,0,0,0.052,0.052
407,18,CA,Alex Fotinos,0,0,G,38,0,3,3,0,,0,0,0,0,0.079,0.079
408,17,CA,Josh Carrick,0,0,D,31,0,3,3,26,5,0,0,0,0,0.097,0.097
409,17,CA,Keigan Goetz,0,0,F,26,0,3,3,27,0,0,0,0,0,0.115,0.115
410,20,CA,Chris Festarini,0,0,G,20,0,3,3,4,,0,0,0,0,0.15,0.15
411,18,CA,Jared Gilbert,0,0,D,19,0,3,3,14,-8,0,0,0,0,0.158,0.158
412,19,CA,Andres Kopstals,0,0,F,17,0,3,3,8,-13,0,0,0,0,0.176,0.176
413,17,CA,Andrew Abou-Assaly,0,0,F,38,2,0,2,6,-17,1,0,0,0.053,0,0.053
414,17,CA,Jordan Addesi,0,0,F,22,2,0,2,19,-6,0,0,1,0.091,0,0.091
415,18,CA,Alex Annecchiarico,0,0,F,51,1,1,2,77,-2,0,0,0,0.02,0.02,0.039
416,17,CA,Connor Graham,0,0,F,48,1,1,2,31,-24,0,0,0,0.021,0.021,0.042
417,18,CA,Matt Hore,0,0,F,30,1,1,2,6,-6,0,0,0,0.033,0.033,0.067
418,20,CA,Erik Robichaud,0,0,F,15,1,1,2,4,-7,0,0,0,0.067,0.067,0.133
419,18,CA,Ryan Vendramin,0,0,F,13,1,1,2,0,-3,0,0,0,0.077,0.077,0.154
420,19,US,Nathan Glass,0,0,D,10,1,1,2,0,-3,0,0,1,0.1,0.1,0.2
421,16,CA,Zach Senyshyn,0,0,F,4,1,1,2,0,-1,1,0,0,0.25,0.25,0.5
422,17,US,Alexander Nedeljkovic,0,0,G,61,0,2,2,6,,0,0,0,0,0.033,0.033
423,20,CA,Frank Palazzese,0,0,G,60,0,2,2,10,,0,0,0,0,0.033,0.033
424,20,US,Matt Mahalak,0,0,G,51,0,2,2,0,,0,0,0,0,0.039,0.039
425,19,CA,Matt Murray,0,0,G,49,0,2,2,0,,0,0,0,0,0.041,0.041
426,19,CA,Taylor Dupuis,0,0,G,48,0,2,2,0,,0,0,0,0,0.042,0.042
427,18,CA,Brian Brosnan,0,0,D,45,0,2,2,25,-27,0,0,0,0,0.044,0.044
428,17,CA,Brody Morris,0,0,D,44,0,2,2,29,-10,0,0,0,0,0.045,0.045
429,19,CA,Jake Patterson,0,0,G,39,0,2,2,2,,0,0,0,0,0.051,0.051
430,19,US,Anthony Stolarz,0,0,G,35,0,2,2,4,,0,0,0,0,0.057,0.057
431,19,CA,Brendan O'Neill,0,0,G,33,0,2,2,0,,0,0,0,0,0.061,0.061
432,16,CA,Cameron Lizotte,0,0,D,33,0,2,2,22,6,0,0,0,0,0.061,0.061
433,18,US,Devin Williams,0,0,G,31,0,2,2,8,,0,0,0,0,0.065,0.065
434,17,CA,Matthew Mancina,0,0,G,28,0,2,2,0,,0,0,0,0,0.071,0.071
435,18,CA,Lucas Peressini,0,0,G,25,0,2,2,0,,0,0,0,0,0.08,0.08
436,17,CA,David Eccles,0,0,D,25,0,2,2,7,-7,0,0,0,0,0.08,0.08
437,18,US,Taylor Davis,0,0,D,21,0,2,2,4,-7,0,0,0,0,0.095,0.095
438,18,CA,Jason Da Silva,0,0,G,20,0,2,2,0,,0,0,0,0,0.1,0.1
439,17,CA,Trevor Dulong,0,0,F,18,0,2,2,6,-6,0,0,0,0,0.111,0.111
440,18,US,Ryan Hutchinson,0,0,D,16,0,2,2,27,3,0,0,0,0,0.125,0.125
441,17,CA,James Mense-Dietrich,0,0,F,8,0,2,2,0,-1,0,0,0,0,0.25,0.25
442,16,CA,Ted Nichol,0,0,F,6,0,2,2,0,2,0,0,0,0,0.333,0.333
443,17,CA,Chris Cobham,0,0,F,40,1,0,1,23,-5,0,0,0,0.025,0,0.025
444,16,CA,Michael Holmes,0,0,D,32,1,0,1,10,-6,0,0,0,0.031,0,0.031
445,20,CA,Paxton Leroux,0,0,F,14,1,0,1,34,-3,0,0,0,0.071,0,0.071
446,18,CA,Nicholas Sproviero,0,0,F,13,1,0,1,6,-5,0,0,0,0.077,0,0.077
447,18,CA,Owen Stewart,0,0,D,12,1,0,1,8,3,0,0,0,0.083,0,0.083
448,17,CA,Austin Veleke,0,0,F,7,1,0,1,6,-2,0,0,0,0.143,0,0.143
449,19,CA,Dylan Staples,0,0,F,4,1,0,1,0,-1,0,0,0,0.25,0,0.25
450,18,CA,Spencer Martin,0,0,G,64,0,1,1,14,,0,0,0,0,0.016,0.016
451,20,CA,Philippe Trudeau,0,0,G,63,0,1,1,4,,0,0,0,0,0.016,0.016
452,17,CA,Connor Burgess,0,0,F,59,0,1,1,17,-12,0,0,0,0,0.017,0.017
453,18,CA,Justin Nichols,0,0,G,50,0,1,1,2,,0,0,0,0,0.02,0.02
454,17,CA,Mackenzie Blackwood,0,0,G,45,0,1,1,2,,0,0,0,0,0.022,0.022
455,18,CA,Jordan DeKort,0,0,G,41,0,1,1,6,,0,0,0,0,0.024,0.024
456,17,CA,Brent Moran,0,0,G,40,0,1,1,0,,0,0,0,0,0.025,0.025
457,17,CA,Kyle Locke,0,0,D,40,0,1,1,54,10,0,0,0,0,0.025,0.025
458,19,CA,Dalen Kuchmey,0,0,G,36,0,1,1,0,,0,0,0,0,0.028,0.028
459,18,US,Matthew Greenfield,0,0,G,35,0,1,1,0,,0,0,0,0,0.029,0.029
460,16,CA,Mitchell Webb,0,0,F,34,0,1,1,12,-10,0,0,0,0,0.029,0.029
461,18,RU,Nikita Serebryakov,0,0,G,28,0,1,1,0,,0,0,0,0,0.036,0.036
462,16,CA,Mike Baird,0,0,F,28,0,1,1,27,-9,0,0,0,0,0.036,0.036
463,18,CA,Ken Appleby,0,0,G,24,0,1,1,4,,0,0,0,0,0.042,0.042
464,17,CA,Justin Felker,0,0,D,24,0,1,1,6,-5,0,0,0,0,0.042,0.042
465,16,CA,Maurizio Colella,0,0,F,23,0,1,1,4,-4,0,0,0,0,0.043,0.043
466,16,CA,Brendan Trottier,0,0,F,16,0,1,1,4,-6,0,0,0,0,0.063,0.063
467,16,CA,Connor Walters,0,0,D,15,0,1,1,0,2,0,0,0,0,0.067,0.067
468,16,CA,Jacob Cascagnette,0,0,F,13,0,1,1,0,-2,0,0,0,0,0.077,0.077
469,16,CA,Austin Clapham,0,0,D,12,0,1,1,2,5,0,0,0,0,0.083,0.083
470,16,CA,Troy Timpano,0,0,G,12,0,1,1,0,,0,0,0,0,0.083,0.083
471,17,CA,Liam Herbst,0,0,G,10,0,1,1,0,,0,0,0,0,0.1,0.1
472,18,CA,Mitchell Dempsey,0,0,F,8,0,1,1,10,-3,0,0,0,0,0.125,0.125
473,16,CA,Andrew Burns,0,0,D,7,0,1,1,0,-4,0,0,0,0,0.143,0.143
474,18,CA,Cody Thompson,0,0,F,7,0,1,1,5,0,0,0,0,0,0.143,0.143
475,16,CA,Alex Di Carlo,0,0,D,5,0,1,1,0,0,0,0,0,0,0.2,0.2
476,16,CA,Daniel Robertson,0,0,D,5,0,1,1,0,1,0,0,0,0,0.2,0.2
477,17,CA,Medric Mercier,0,0,D,2,0,1,1,2,1,0,0,0,0,0.5,0.5
478,18,CA,Marselis Subban,0,0,D,2,0,1,1,0,-2,0,0,0,0,0.5,0.5
479,19,US,Brandon Hope,0,0,G,54,0,0,0,8,,0,0,0,0,0,0
480,18,CA,Charlie Graham,0,0,G,53,0,0,0,2,,0,0,0,0,0,0
481,19,CA,Daniel Altshuller,0,0,G,52,0,0,0,9,,0,0,0,0,0,0
482,20,CA,Andrew D'Agostini,0,0,G,49,0,0,0,9,,0,0,0,0,0,0
483,19,SE,Oscar Dansk,0,0,G,42,0,0,0,8,,0,0,0,0,0,0
484,18,CA,Jacob Smith,0,0,G,42,0,0,0,2,,0,0,0,0,0,0
485,16,CA,David Zeppieri,0,0,F,35,0,0,0,22,-5,0,0,0,0,0,0
486,17,CA,Cam Hughes,0,0,F,34,0,0,0,14,-4,0,0,0,0,0,0
487,18,CA,Michael Giugovaz,0,0,G,30,0,0,0,2,,0,0,0,0,0,0
488,18,SK,Daniel Gibl,0,0,G,27,0,0,0,0,,0,0,0,0,0,0
489,19,CA,Brodie Barrick,0,0,G,25,0,0,0,8,,0,0,0,0,0,0
490,18,CA,Jack Flinn,0,0,G,21,0,0,0,0,,0,0,0,0,0,0
491,17,US,Brandon Halverson,0,0,G,19,0,0,0,2,,0,0,0,0,0,0
492,16,CA,Liam Murray,0,0,D,19,0,0,0,11,2,0,0,0,0,0,0
493,16,CA,Zach Bowman,0,0,G,14,0,0,0,0,,0,0,0,0,0,0
494,17,CA,Dawson Carty,0,0,G,12,0,0,0,0,,0,0,0,0,0,0
495,19,CA,Blake Richard,0,0,G,12,0,0,0,4,,0,0,0,0,0,0
496,17,CA,Calvin Gomes,0,0,F,12,0,0,0,2,1,0,0,0,0,0,0
497,17,CA,Tristen Elie,0,0,F,11,0,0,0,0,-3,0,0,0,0,0,0
498,17,CA,Keegan Blasby,0,0,F,11,0,0,0,5,-3,0,0,0,0,0,0
499,19,US,John Bowen,0,0,D,9,0,0,0,4,-1,0,0,0,0,0,0
500,20,CA,Tyson Teichmann,0,0,G,9,0,0,0,0,,0,0,0,0,0,0
501,19,CA,Ryan Duhaime,0,0,D,9,0,0,0,7,-7,0,0,0,0,0,0
502,18,CA,Jayme Forslund,0,0,D,9,0,0,0,4,1,0,0,0,0,0,0
503,17,CA,Anthony Kotsovos,0,0,D,9,0,0,0,6,1,0,0,0,0,0,0
504,18,CA,Jacob Blair,0,0,G,8,0,0,0,0,,0,0,0,0,0,0
505,17,CA,Kris Bennett,0,0,F,8,0,0,0,0,0,0,0,0,0,0,0
506,17,CA,Sam Berg,0,0,F,8,0,0,0,16,-3,0,0,0,0,0,0
507,17,CA,Shawn Tessier,0,0,D,7,0,0,0,2,-2,0,0,0,0,0,0
508,16,CA,Josh Defarias,0,0,D,7,0,0,0,0,-1,0,0,0,0,0,0
509,16,US,Tyler Sensky,0,0,D,6,0,0,0,0,-3,0,0,0,0,0,0
510,16,CA,Stephen Gibson,0,0,D,6,0,0,0,4,0,0,0,0,0,0,0
511,18,CA,Spencer Lee,0,0,F,6,0,0,0,2,0,0,0,0,0,0,0
512,16,CA,Mark Bzowey,0,0,F,5,0,0,0,0,-1,0,0,0,0,0,0
513,16,CA,Hayden Verbeek,0,0,F,5,0,0,0,0,-4,0,0,0,0,0,0
514,18,CA,Ryan Migliaccio,0,0,F,5,0,0,0,0,-1,0,0,0,0,0,0
515,18,CA,Chase Marchand,0,0,G,4,0,0,0,0,,0,0,0,0,0,0
516,18,CA,Brayden Banitsiotis,0,0,G,4,0,0,0,0,,0,0,0,0,0,0
517,16,CA,James McEwan,0,0,F,4,0,0,0,0,0,0,0,0,0,0,0
518,16,CA,Dylan McDonald,0,0,F,4,0,0,0,0,-2,0,0,0,0,0,0
519,19,CA,Adam Lloyd,0,0,F,4,0,0,0,0,-2,0,0,0,0,0,0
520,16,CA,Evan Cormier,0,0,G,3,0,0,0,0,,0,0,0,0,0,0
521,16,CA,Justin Fazio,0,0,G,3,0,0,0,0,,0,0,0,0,0,0
522,19,CA,Jon Dilario,0,0,G,3,0,0,0,0,,0,0,0,0,0,0
523,16,CA,Zach Grzelewski,0,0,F,3,0,0,0,0,0,0,0,0,0,0,0
524,16,CA,Aaron Luchuk,0,0,F,3,0,0,0,0,0,0,0,0,0,0,0
525,17,CA,Jake Gilmour,0,0,F,3,0,0,0,2,-2,0,0,0,0,0,0
526,18,CA,Michael Levesque,0,0,F,3,0,0,0,0,0,0,0,0,0,0,0
527,17,CA,Ty Learn,0,0,F,3,0,0,0,2,-2,0,0,0,0,0,0
528,18,CA,Khadyn Butterfly,0,0,D,3,0,0,0,0,-1,0,0,0,0,0,0
529,19,CA,Mike DiPaolo,0,0,D,2,0,0,0,2,-2,0,0,0,0,0,0
530,18,CA,Jack Moylan,0,0,G,2,0,0,0,0,,0,0,0,0,0,0
531,19,CA,Justin Tugwell,0,0,G,2,0,0,0,0,,0,0,0,0,0,0
532,16,CA,Stephen Templeton,0,0,D,2,0,0,0,2,-1,0,0,0,0,0,0
533,16,CA,Ben Fanjoy,0,0,F,2,0,0,0,0,-1,0,0,0,0,0,0
534,16,CA,Cole Mayo,0,0,D,2,0,0,0,0,0,0,0,0,0,0,0
535,16,CA,Ryan Sarris,0,0,D,2,0,0,0,0,-2,0,0,0,0,0,0
536,18,CA,Stefano Pezzetta,0,0,F,2,0,0,0,9,0,0,0,0,0,0,0
537,16,CZ,David Ovsjannikov,0,0,G,1,0,0,0,0,,0,0,0,0,0,0
538,16,CA,Brendan Johnston,0,0,G,1,0,0,0,0,,0,0,0,0,0,0
539,18,CA,Riley Corbin,0,0,G,1,0,0,0,0,,0,0,0,0,0,0
540,16,CA,Tyler Boston,0,0,F,1,0,0,0,0,0,0,0,0,0,0,0
541,16,CA,John Warren,0,0,F,1,0,0,0,0,0,0,0,0,0,0,0
542,16,CA,Mitchell Kreis,0,0,D,1,0,0,0,0,2,0,0,0,0,0,0
543,18,CA,Rylee McKinnon,0,0,D,1,0,0,0,4,0,0,0,0,0,0,0
544,17,CA,Cam Garrow,0,0,D,1,0,0,0,0,-2,0,0,0,0,0,0
545,18,CA,Spencer Hutchinson,0,0,F,1,0,0,0,0,0,0,0,0,0,0,0
546,17,CA,Daniel Pugliese,0,0,F,1,0,0,0,2,0,0,0,0,0,0,0
547,18,CA,Tyson Baker,0,0,F,1,0,0,0,2,0,0,0,0,0,0,0
548,19,CA,Kyler Keating,0,0,D,1,0,0,0,2,-3,0,0,0,0,0,0
549,18,CA,Ryan Kirkup,0,0,F,1,0,0,0,0,-1,0,0,0,0,0,0
550,19,CA,Brad Carroll,0,0,F,1,0,0,0,0,0,0,0,0,0,0,0
